#VRML V1.0 ascii
Separator {
MaterialBinding {
value PER_FACE_INDEXED
}
Material {
ambientColor [
 1.000000 1.000000 1.000000
]
diffuseColor [
 1.000000 1.000000 1.000000
]
emissiveColor [
 0.000000 0.000000 0.000000
]
specularColor [
 0.900000 0.900000 0.900000
]
shininess [
 0.312500
]
transparency [
 0.600000
]
}
Coordinate3 {
point [
 -0.049500 -0.020000 0.001500, -0.049500 -0.020000 0.002000, -0.049500 -0.017000 0.001500, -0.049500 -0.017000 0.002000, -0.049200 -0.028000 0.001500,
 -0.049200 -0.028000 0.002000, -0.049200 -0.020000 0.001500, -0.049200 -0.020000 0.002000, -0.048300 -0.028000 0.001500, -0.048300 -0.028000 0.002000,
 -0.048300 -0.020000 0.001500, -0.048300 -0.020000 0.002000, -0.048000 -0.020000 0.001500, -0.048000 -0.020000 0.002000, -0.048000 -0.017000 0.001500,
 -0.048000 -0.017000 0.002000
]
}
IndexedFaceSet {
coordIndex [
 14, 2, 15, -1, 15, 2, 3, -1, 12, 14, 13, -1,
 13, 14, 15, -1, 10, 12, 11, -1, 11, 12, 13, -1,
 8, 10, 9, -1, 9, 10, 11, -1, 4, 8, 5, -1,
 5, 8, 9, -1, 6, 4, 7, -1, 7, 4, 5, -1,
 0, 6, 1, -1, 1, 6, 7, -1, 2, 0, 3, -1,
 3, 0, 1, -1, 14, 12, 2, -1, 2, 12, 10, -1,
 0, 2, 6, -1, 6, 2, 10, -1, 6, 10, 4, -1,
 4, 10, 8, -1, 3, 1, 15, -1, 15, 1, 7, -1,
 13, 15, 11, -1, 11, 15, 7, -1, 11, 7, 9, -1,
 9, 7, 5, -1
]
materialIndex [
 0, 0, 0, 0, 0, 0,
 0, 0, 0, 0, 0, 0,
 0, 0, 0, 0, 0, 0, 0, 0, 0, 0,
 0, 0, 0, 0, 0, 0,
]
}
}
Separator {
MaterialBinding {
value PER_FACE_INDEXED
}
Material {
ambientColor [
 1.000000 1.000000 1.000000
]
diffuseColor [
 1.000000 1.000000 1.000000
]
emissiveColor [
 0.000000 0.000000 0.000000
]
specularColor [
 0.900000 0.900000 0.900000
]
shininess [
 0.312500
]
transparency [
 0.600000
]
}
Coordinate3 {
point [
 -0.045750 -0.020000 0.001500, -0.045750 -0.020000 0.002000, -0.045750 -0.017000 0.001500, -0.045750 -0.017000 0.002000, -0.045450 -0.028000 0.001500,
 -0.045450 -0.028000 0.002000, -0.045450 -0.020000 0.001500, -0.045450 -0.020000 0.002000, -0.044550 -0.028000 0.001500, -0.044550 -0.028000 0.002000,
 -0.044550 -0.020000 0.001500, -0.044550 -0.020000 0.002000, -0.044250 -0.020000 0.001500, -0.044250 -0.020000 0.002000, -0.044250 -0.017000 0.001500,
 -0.044250 -0.017000 0.002000
]
}
IndexedFaceSet {
coordIndex [
 2, 0, 3, -1, 3, 0, 1, -1, 14, 2, 15, -1,
 15, 2, 3, -1, 12, 14, 13, -1, 13, 14, 15, -1,
 10, 12, 11, -1, 11, 12, 13, -1, 8, 10, 9, -1,
 9, 10, 11, -1, 4, 8, 5, -1, 5, 8, 9, -1,
 6, 4, 7, -1, 7, 4, 5, -1, 0, 6, 1, -1,
 1, 6, 7, -1, 14, 12, 2, -1, 2, 12, 10, -1,
 0, 2, 6, -1, 6, 2, 10, -1, 6, 10, 4, -1,
 4, 10, 8, -1, 3, 1, 15, -1, 15, 1, 7, -1,
 13, 15, 11, -1, 11, 15, 7, -1, 11, 7, 9, -1,
 9, 7, 5, -1
]
materialIndex [
 0, 0, 0, 0, 0, 0,
 0, 0, 0, 0, 0, 0,
 0, 0, 0, 0, 0, 0, 0, 0, 0, 0,
 0, 0, 0, 0, 0, 0,
]
}
}
Separator {
MaterialBinding {
value PER_FACE_INDEXED
}
Material {
ambientColor [
 1.000000 1.000000 1.000000
]
diffuseColor [
 1.000000 1.000000 1.000000
]
emissiveColor [
 0.000000 0.000000 0.000000
]
specularColor [
 0.900000 0.900000 0.900000
]
shininess [
 0.312500
]
transparency [
 0.600000
]
}
Coordinate3 {
point [
 -0.042000 -0.020000 0.001500, -0.042000 -0.020000 0.002000, -0.042000 -0.017000 0.001500, -0.042000 -0.017000 0.002000, -0.041700 -0.028000 0.001500,
 -0.041700 -0.028000 0.002000, -0.041700 -0.020000 0.001500, -0.041700 -0.020000 0.002000, -0.040800 -0.028000 0.001500, -0.040800 -0.028000 0.002000,
 -0.040800 -0.020000 0.001500, -0.040800 -0.020000 0.002000, -0.040500 -0.020000 0.001500, -0.040500 -0.020000 0.002000, -0.040500 -0.017000 0.001500,
 -0.040500 -0.017000 0.002000
]
}
IndexedFaceSet {
coordIndex [
 2, 0, 3, -1, 3, 0, 1, -1, 14, 2, 15, -1,
 15, 2, 3, -1, 12, 14, 13, -1, 13, 14, 15, -1,
 10, 12, 11, -1, 11, 12, 13, -1, 8, 10, 9, -1,
 9, 10, 11, -1, 4, 8, 5, -1, 5, 8, 9, -1,
 6, 4, 7, -1, 7, 4, 5, -1, 0, 6, 1, -1,
 1, 6, 7, -1, 14, 12, 2, -1, 2, 12, 10, -1,
 0, 2, 6, -1, 6, 2, 10, -1, 6, 10, 4, -1,
 4, 10, 8, -1, 3, 1, 15, -1, 15, 1, 7, -1,
 13, 15, 11, -1, 11, 15, 7, -1, 11, 7, 9, -1,
 9, 7, 5, -1
]
materialIndex [
 0, 0, 0, 0, 0, 0,
 0, 0, 0, 0, 0, 0,
 0, 0, 0, 0, 0, 0, 0, 0, 0, 0,
 0, 0, 0, 0, 0, 0,
]
}
}
Separator {
MaterialBinding {
value PER_FACE_INDEXED
}
Material {
ambientColor [
 1.000000 1.000000 1.000000
]
diffuseColor [
 1.000000 1.000000 1.000000
]
emissiveColor [
 0.000000 0.000000 0.000000
]
specularColor [
 0.900000 0.900000 0.900000
]
shininess [
 0.312500
]
transparency [
 0.600000
]
}
Coordinate3 {
point [
 -0.038250 -0.020000 0.001500, -0.038250 -0.020000 0.002000, -0.038250 -0.017000 0.001500, -0.038250 -0.017000 0.002000, -0.037950 -0.028000 0.001500,
 -0.037950 -0.028000 0.002000, -0.037950 -0.020000 0.001500, -0.037950 -0.020000 0.002000, -0.037050 -0.028000 0.001500, -0.037050 -0.028000 0.002000,
 -0.037050 -0.020000 0.001500, -0.037050 -0.020000 0.002000, -0.036750 -0.020000 0.001500, -0.036750 -0.020000 0.002000, -0.036750 -0.017000 0.001500,
 -0.036750 -0.017000 0.002000
]
}
IndexedFaceSet {
coordIndex [
 2, 0, 3, -1, 3, 0, 1, -1, 14, 2, 15, -1,
 15, 2, 3, -1, 12, 14, 13, -1, 13, 14, 15, -1,
 10, 12, 11, -1, 11, 12, 13, -1, 8, 10, 9, -1,
 9, 10, 11, -1, 4, 8, 5, -1, 5, 8, 9, -1,
 6, 4, 7, -1, 7, 4, 5, -1, 0, 6, 1, -1,
 1, 6, 7, -1, 14, 12, 2, -1, 2, 12, 10, -1,
 0, 2, 6, -1, 6, 2, 10, -1, 6, 10, 4, -1,
 4, 10, 8, -1, 3, 1, 15, -1, 15, 1, 7, -1,
 13, 15, 11, -1, 11, 15, 7, -1, 11, 7, 9, -1,
 9, 7, 5, -1
]
materialIndex [
 0, 0, 0, 0, 0, 0,
 0, 0, 0, 0, 0, 0,
 0, 0, 0, 0, 0, 0, 0, 0, 0, 0,
 0, 0, 0, 0, 0, 0,
]
}
}
Separator {
MaterialBinding {
value PER_FACE_INDEXED
}
Material {
ambientColor [
 1.000000 1.000000 1.000000
]
diffuseColor [
 1.000000 1.000000 1.000000
]
emissiveColor [
 0.000000 0.000000 0.000000
]
specularColor [
 0.900000 0.900000 0.900000
]
shininess [
 0.312500
]
transparency [
 0.600000
]
}
Coordinate3 {
point [
 -0.034500 -0.020000 0.001500, -0.034500 -0.020000 0.002000, -0.034500 -0.017000 0.001500, -0.034500 -0.017000 0.002000, -0.034200 -0.028000 0.001500,
 -0.034200 -0.028000 0.002000, -0.034200 -0.020000 0.001500, -0.034200 -0.020000 0.002000, -0.033300 -0.028000 0.001500, -0.033300 -0.028000 0.002000,
 -0.033300 -0.020000 0.001500, -0.033300 -0.020000 0.002000, -0.033000 -0.020000 0.001500, -0.033000 -0.020000 0.002000, -0.033000 -0.017000 0.001500,
 -0.033000 -0.017000 0.002000
]
}
IndexedFaceSet {
coordIndex [
 2, 0, 3, -1, 3, 0, 1, -1, 14, 2, 15, -1,
 15, 2, 3, -1, 12, 14, 13, -1, 13, 14, 15, -1,
 10, 12, 11, -1, 11, 12, 13, -1, 8, 10, 9, -1,
 9, 10, 11, -1, 4, 8, 5, -1, 5, 8, 9, -1,
 6, 4, 7, -1, 7, 4, 5, -1, 0, 6, 1, -1,
 1, 6, 7, -1, 14, 12, 2, -1, 2, 12, 10, -1,
 0, 2, 6, -1, 6, 2, 10, -1, 6, 10, 4, -1,
 4, 10, 8, -1, 3, 1, 15, -1, 15, 1, 7, -1,
 13, 15, 11, -1, 11, 15, 7, -1, 11, 7, 9, -1,
 9, 7, 5, -1
]
materialIndex [
 0, 0, 0, 0, 0, 0,
 0, 0, 0, 0, 0, 0,
 0, 0, 0, 0, 0, 0, 0, 0, 0, 0,
 0, 0, 0, 0, 0, 0,
]
}
}
Separator {
MaterialBinding {
value PER_FACE_INDEXED
}
Material {
ambientColor [
 1.000000 1.000000 1.000000
]
diffuseColor [
 1.000000 1.000000 1.000000
]
emissiveColor [
 0.000000 0.000000 0.000000
]
specularColor [
 0.900000 0.900000 0.900000
]
shininess [
 0.312500
]
transparency [
 0.600000
]
}
Coordinate3 {
point [
 -0.030750 -0.020000 0.001500, -0.030750 -0.020000 0.002000, -0.030750 -0.017000 0.001500, -0.030750 -0.017000 0.002000, -0.030450 -0.028000 0.001500,
 -0.030450 -0.028000 0.002000, -0.030450 -0.020000 0.001500, -0.030450 -0.020000 0.002000, -0.029550 -0.028000 0.001500, -0.029550 -0.028000 0.002000,
 -0.029550 -0.020000 0.001500, -0.029550 -0.020000 0.002000, -0.029250 -0.020000 0.001500, -0.029250 -0.020000 0.002000, -0.029250 -0.017000 0.001500,
 -0.029250 -0.017000 0.002000
]
}
IndexedFaceSet {
coordIndex [
 2, 0, 3, -1, 3, 0, 1, -1, 14, 2, 15, -1,
 15, 2, 3, -1, 12, 14, 13, -1, 13, 14, 15, -1,
 10, 12, 11, -1, 11, 12, 13, -1, 8, 10, 9, -1,
 9, 10, 11, -1, 4, 8, 5, -1, 5, 8, 9, -1,
 6, 4, 7, -1, 7, 4, 5, -1, 0, 6, 1, -1,
 1, 6, 7, -1, 14, 12, 2, -1, 2, 12, 10, -1,
 0, 2, 6, -1, 6, 2, 10, -1, 6, 10, 4, -1,
 4, 10, 8, -1, 3, 1, 15, -1, 15, 1, 7, -1,
 13, 15, 11, -1, 11, 15, 7, -1, 11, 7, 9, -1,
 9, 7, 5, -1
]
materialIndex [
 0, 0, 0, 0, 0, 0,
 0, 0, 0, 0, 0, 0,
 0, 0, 0, 0, 0, 0, 0, 0, 0, 0,
 0, 0, 0, 0, 0, 0,
]
}
}
Separator {
MaterialBinding {
value PER_FACE_INDEXED
}
Material {
ambientColor [
 1.000000 1.000000 1.000000
]
diffuseColor [
 1.000000 1.000000 1.000000
]
emissiveColor [
 0.000000 0.000000 0.000000
]
specularColor [
 0.900000 0.900000 0.900000
]
shininess [
 0.312500
]
transparency [
 0.600000
]
}
Coordinate3 {
point [
 -0.027000 -0.020000 0.001500, -0.027000 -0.020000 0.002000, -0.027000 -0.017000 0.001500, -0.027000 -0.017000 0.002000, -0.026700 -0.028000 0.001500,
 -0.026700 -0.028000 0.002000, -0.026700 -0.020000 0.001500, -0.026700 -0.020000 0.002000, -0.025800 -0.028000 0.001500, -0.025800 -0.028000 0.002000,
 -0.025800 -0.020000 0.001500, -0.025800 -0.020000 0.002000, -0.025500 -0.020000 0.001500, -0.025500 -0.020000 0.002000, -0.025500 -0.017000 0.001500,
 -0.025500 -0.017000 0.002000
]
}
IndexedFaceSet {
coordIndex [
 2, 0, 3, -1, 3, 0, 1, -1, 14, 2, 15, -1,
 15, 2, 3, -1, 12, 14, 13, -1, 13, 14, 15, -1,
 10, 12, 11, -1, 11, 12, 13, -1, 8, 10, 9, -1,
 9, 10, 11, -1, 4, 8, 5, -1, 5, 8, 9, -1,
 6, 4, 7, -1, 7, 4, 5, -1, 0, 6, 1, -1,
 1, 6, 7, -1, 14, 12, 2, -1, 2, 12, 10, -1,
 0, 2, 6, -1, 6, 2, 10, -1, 6, 10, 4, -1,
 4, 10, 8, -1, 3, 1, 15, -1, 15, 1, 7, -1,
 13, 15, 11, -1, 11, 15, 7, -1, 11, 7, 9, -1,
 9, 7, 5, -1
]
materialIndex [
 0, 0, 0, 0, 0, 0,
 0, 0, 0, 0, 0, 0,
 0, 0, 0, 0, 0, 0, 0, 0, 0, 0,
 0, 0, 0, 0, 0, 0,
]
}
}
Separator {
MaterialBinding {
value PER_FACE_INDEXED
}
Material {
ambientColor [
 1.000000 1.000000 1.000000
]
diffuseColor [
 1.000000 1.000000 1.000000
]
emissiveColor [
 0.000000 0.000000 0.000000
]
specularColor [
 0.900000 0.900000 0.900000
]
shininess [
 0.312500
]
transparency [
 0.600000
]
}
Coordinate3 {
point [
 -0.023250 -0.020000 0.001500, -0.023250 -0.020000 0.002000, -0.023250 -0.017000 0.001500, -0.023250 -0.017000 0.002000, -0.022950 -0.028000 0.001500,
 -0.022950 -0.028000 0.002000, -0.022950 -0.020000 0.001500, -0.022950 -0.020000 0.002000, -0.022050 -0.028000 0.001500, -0.022050 -0.028000 0.002000,
 -0.022050 -0.020000 0.001500, -0.022050 -0.020000 0.002000, -0.021750 -0.020000 0.001500, -0.021750 -0.020000 0.002000, -0.021750 -0.017000 0.001500,
 -0.021750 -0.017000 0.002000
]
}
IndexedFaceSet {
coordIndex [
 2, 0, 3, -1, 3, 0, 1, -1, 14, 2, 15, -1,
 15, 2, 3, -1, 12, 14, 13, -1, 13, 14, 15, -1,
 10, 12, 11, -1, 11, 12, 13, -1, 8, 10, 9, -1,
 9, 10, 11, -1, 4, 8, 5, -1, 5, 8, 9, -1,
 6, 4, 7, -1, 7, 4, 5, -1, 0, 6, 1, -1,
 1, 6, 7, -1, 14, 12, 2, -1, 2, 12, 10, -1,
 0, 2, 6, -1, 6, 2, 10, -1, 6, 10, 4, -1,
 4, 10, 8, -1, 3, 1, 15, -1, 15, 1, 7, -1,
 13, 15, 11, -1, 11, 15, 7, -1, 11, 7, 9, -1,
 9, 7, 5, -1
]
materialIndex [
 0, 0, 0, 0, 0, 0,
 0, 0, 0, 0, 0, 0,
 0, 0, 0, 0, 0, 0, 0, 0, 0, 0,
 0, 0, 0, 0, 0, 0,
]
}
}
Separator {
MaterialBinding {
value PER_FACE_INDEXED
}
Material {
ambientColor [
 1.000000 1.000000 1.000000
]
diffuseColor [
 1.000000 1.000000 1.000000
]
emissiveColor [
 0.000000 0.000000 0.000000
]
specularColor [
 0.900000 0.900000 0.900000
]
shininess [
 0.312500
]
transparency [
 0.600000
]
}
Coordinate3 {
point [
 -0.019500 -0.020000 0.001500, -0.019500 -0.020000 0.002000, -0.019500 -0.017000 0.001500, -0.019500 -0.017000 0.002000, -0.019200 -0.028000 0.001500,
 -0.019200 -0.028000 0.002000, -0.019200 -0.020000 0.001500, -0.019200 -0.020000 0.002000, -0.018300 -0.028000 0.001500, -0.018300 -0.028000 0.002000,
 -0.018300 -0.020000 0.001500, -0.018300 -0.020000 0.002000, -0.018000 -0.020000 0.001500, -0.018000 -0.020000 0.002000, -0.018000 -0.017000 0.001500,
 -0.018000 -0.017000 0.002000
]
}
IndexedFaceSet {
coordIndex [
 2, 0, 3, -1, 3, 0, 1, -1, 14, 2, 15, -1,
 15, 2, 3, -1, 12, 14, 13, -1, 13, 14, 15, -1,
 10, 12, 11, -1, 11, 12, 13, -1, 8, 10, 9, -1,
 9, 10, 11, -1, 4, 8, 5, -1, 5, 8, 9, -1,
 6, 4, 7, -1, 7, 4, 5, -1, 0, 6, 1, -1,
 1, 6, 7, -1, 14, 12, 2, -1, 2, 12, 10, -1,
 0, 2, 6, -1, 6, 2, 10, -1, 6, 10, 4, -1,
 4, 10, 8, -1, 3, 1, 15, -1, 15, 1, 7, -1,
 13, 15, 11, -1, 11, 15, 7, -1, 11, 7, 9, -1,
 9, 7, 5, -1
]
materialIndex [
 0, 0, 0, 0, 0, 0,
 0, 0, 0, 0, 0, 0,
 0, 0, 0, 0, 0, 0, 0, 0, 0, 0,
 0, 0, 0, 0, 0, 0,
]
}
}
Separator {
MaterialBinding {
value PER_FACE_INDEXED
}
Material {
ambientColor [
 1.000000 1.000000 1.000000
]
diffuseColor [
 1.000000 1.000000 1.000000
]
emissiveColor [
 0.000000 0.000000 0.000000
]
specularColor [
 0.900000 0.900000 0.900000
]
shininess [
 0.312500
]
transparency [
 0.600000
]
}
Coordinate3 {
point [
 -0.015750 -0.020000 0.001500, -0.015750 -0.020000 0.002000, -0.015750 -0.017000 0.001500, -0.015750 -0.017000 0.002000, -0.015450 -0.028000 0.001500,
 -0.015450 -0.028000 0.002000, -0.015450 -0.020000 0.001500, -0.015450 -0.020000 0.002000, -0.014550 -0.028000 0.001500, -0.014550 -0.028000 0.002000,
 -0.014550 -0.020000 0.001500, -0.014550 -0.020000 0.002000, -0.014250 -0.020000 0.001500, -0.014250 -0.020000 0.002000, -0.014250 -0.017000 0.001500,
 -0.014250 -0.017000 0.002000
]
}
IndexedFaceSet {
coordIndex [
 2, 0, 3, -1, 3, 0, 1, -1, 14, 2, 15, -1,
 15, 2, 3, -1, 12, 14, 13, -1, 13, 14, 15, -1,
 10, 12, 11, -1, 11, 12, 13, -1, 8, 10, 9, -1,
 9, 10, 11, -1, 4, 8, 5, -1, 5, 8, 9, -1,
 6, 4, 7, -1, 7, 4, 5, -1, 0, 6, 1, -1,
 1, 6, 7, -1, 14, 12, 2, -1, 2, 12, 10, -1,
 0, 2, 6, -1, 6, 2, 10, -1, 6, 10, 4, -1,
 4, 10, 8, -1, 3, 1, 15, -1, 15, 1, 7, -1,
 13, 15, 11, -1, 11, 15, 7, -1, 11, 7, 9, -1,
 9, 7, 5, -1
]
materialIndex [
 0, 0, 0, 0, 0, 0,
 0, 0, 0, 0, 0, 0,
 0, 0, 0, 0, 0, 0, 0, 0, 0, 0,
 0, 0, 0, 0, 0, 0,
]
}
}
Separator {
MaterialBinding {
value PER_FACE_INDEXED
}
Material {
ambientColor [
 1.000000 1.000000 1.000000
]
diffuseColor [
 1.000000 1.000000 1.000000
]
emissiveColor [
 0.000000 0.000000 0.000000
]
specularColor [
 0.900000 0.900000 0.900000
]
shininess [
 0.312500
]
transparency [
 0.600000
]
}
Coordinate3 {
point [
 -0.012000 -0.020000 0.001500, -0.012000 -0.020000 0.002000, -0.012000 -0.017000 0.001500, -0.012000 -0.017000 0.002000, -0.011700 -0.028000 0.001500,
 -0.011700 -0.028000 0.002000, -0.011700 -0.020000 0.001500, -0.011700 -0.020000 0.002000, -0.010800 -0.028000 0.001500, -0.010800 -0.028000 0.002000,
 -0.010800 -0.020000 0.001500, -0.010800 -0.020000 0.002000, -0.010500 -0.020000 0.001500, -0.010500 -0.020000 0.002000, -0.010500 -0.017000 0.001500,
 -0.010500 -0.017000 0.002000
]
}
IndexedFaceSet {
coordIndex [
 2, 0, 3, -1, 3, 0, 1, -1, 14, 2, 15, -1,
 15, 2, 3, -1, 12, 14, 13, -1, 13, 14, 15, -1,
 10, 12, 11, -1, 11, 12, 13, -1, 8, 10, 9, -1,
 9, 10, 11, -1, 4, 8, 5, -1, 5, 8, 9, -1,
 6, 4, 7, -1, 7, 4, 5, -1, 0, 6, 1, -1,
 1, 6, 7, -1, 14, 12, 2, -1, 2, 12, 10, -1,
 0, 2, 6, -1, 6, 2, 10, -1, 6, 10, 4, -1,
 4, 10, 8, -1, 3, 1, 15, -1, 15, 1, 7, -1,
 13, 15, 11, -1, 11, 15, 7, -1, 11, 7, 9, -1,
 9, 7, 5, -1
]
materialIndex [
 0, 0, 0, 0, 0, 0,
 0, 0, 0, 0, 0, 0,
 0, 0, 0, 0, 0, 0, 0, 0, 0, 0,
 0, 0, 0, 0, 0, 0,
]
}
}
Separator {
MaterialBinding {
value PER_FACE_INDEXED
}
Material {
ambientColor [
 1.000000 1.000000 1.000000
]
diffuseColor [
 1.000000 1.000000 1.000000
]
emissiveColor [
 0.000000 0.000000 0.000000
]
specularColor [
 0.900000 0.900000 0.900000
]
shininess [
 0.312500
]
transparency [
 0.600000
]
}
Coordinate3 {
point [
 -0.008250 -0.020000 0.001500, -0.008250 -0.020000 0.002000, -0.008250 -0.017000 0.001500, -0.008250 -0.017000 0.002000, -0.007950 -0.028000 0.001500,
 -0.007950 -0.028000 0.002000, -0.007950 -0.020000 0.001500, -0.007950 -0.020000 0.002000, -0.007050 -0.028000 0.001500, -0.007050 -0.028000 0.002000,
 -0.007050 -0.020000 0.001500, -0.007050 -0.020000 0.002000, -0.006750 -0.020000 0.001500, -0.006750 -0.020000 0.002000, -0.006750 -0.017000 0.001500,
 -0.006750 -0.017000 0.002000
]
}
IndexedFaceSet {
coordIndex [
 2, 0, 3, -1, 3, 0, 1, -1, 14, 2, 15, -1,
 15, 2, 3, -1, 12, 14, 13, -1, 13, 14, 15, -1,
 10, 12, 11, -1, 11, 12, 13, -1, 8, 10, 9, -1,
 9, 10, 11, -1, 4, 8, 5, -1, 5, 8, 9, -1,
 6, 4, 7, -1, 7, 4, 5, -1, 0, 6, 1, -1,
 1, 6, 7, -1, 14, 12, 2, -1, 2, 12, 10, -1,
 0, 2, 6, -1, 6, 2, 10, -1, 6, 10, 4, -1,
 4, 10, 8, -1, 3, 1, 15, -1, 15, 1, 7, -1,
 13, 15, 11, -1, 11, 15, 7, -1, 11, 7, 9, -1,
 9, 7, 5, -1
]
materialIndex [
 0, 0, 0, 0, 0, 0,
 0, 0, 0, 0, 0, 0,
 0, 0, 0, 0, 0, 0, 0, 0, 0, 0,
 0, 0, 0, 0, 0, 0,
]
}
}
Separator {
MaterialBinding {
value PER_FACE_INDEXED
}
Material {
ambientColor [
 1.000000 1.000000 1.000000
]
diffuseColor [
 1.000000 1.000000 1.000000
]
emissiveColor [
 0.000000 0.000000 0.000000
]
specularColor [
 0.900000 0.900000 0.900000
]
shininess [
 0.312500
]
transparency [
 0.600000
]
}
Coordinate3 {
point [
 -0.004500 -0.020000 0.001500, -0.004500 -0.020000 0.002000, -0.004500 -0.017000 0.001500, -0.004500 -0.017000 0.002000, -0.004200 -0.028000 0.001500,
 -0.004200 -0.028000 0.002000, -0.004200 -0.020000 0.001500, -0.004200 -0.020000 0.002000, -0.003300 -0.028000 0.001500, -0.003300 -0.028000 0.002000,
 -0.003300 -0.020000 0.001500, -0.003300 -0.020000 0.002000, -0.003000 -0.020000 0.001500, -0.003000 -0.020000 0.002000, -0.003000 -0.017000 0.001500,
 -0.003000 -0.017000 0.002000
]
}
IndexedFaceSet {
coordIndex [
 2, 0, 3, -1, 3, 0, 1, -1, 14, 2, 15, -1,
 15, 2, 3, -1, 12, 14, 13, -1, 13, 14, 15, -1,
 10, 12, 11, -1, 11, 12, 13, -1, 8, 10, 9, -1,
 9, 10, 11, -1, 4, 8, 5, -1, 5, 8, 9, -1,
 6, 4, 7, -1, 7, 4, 5, -1, 0, 6, 1, -1,
 1, 6, 7, -1, 14, 12, 2, -1, 2, 12, 10, -1,
 0, 2, 6, -1, 6, 2, 10, -1, 6, 10, 4, -1,
 4, 10, 8, -1, 3, 1, 15, -1, 15, 1, 7, -1,
 13, 15, 11, -1, 11, 15, 7, -1, 11, 7, 9, -1,
 9, 7, 5, -1
]
materialIndex [
 0, 0, 0, 0, 0, 0,
 0, 0, 0, 0, 0, 0,
 0, 0, 0, 0, 0, 0, 0, 0, 0, 0,
 0, 0, 0, 0, 0, 0,
]
}
}
Separator {
MaterialBinding {
value PER_FACE_INDEXED
}
Material {
ambientColor [
 1.000000 1.000000 1.000000
]
diffuseColor [
 1.000000 1.000000 1.000000
]
emissiveColor [
 0.000000 0.000000 0.000000
]
specularColor [
 0.900000 0.900000 0.900000
]
shininess [
 0.312500
]
transparency [
 0.600000
]
}
Coordinate3 {
point [
 -0.000750 -0.020000 0.001500, -0.000750 -0.020000 0.002000, -0.000750 -0.017000 0.001500, -0.000750 -0.017000 0.002000, -0.000450 -0.028000 0.001500,
 -0.000450 -0.028000 0.002000, -0.000450 -0.020000 0.001500, -0.000450 -0.020000 0.002000, 0.000450 -0.028000 0.001500, 0.000450 -0.028000 0.002000,
 0.000450 -0.020000 0.001500, 0.000450 -0.020000 0.002000, 0.000750 -0.020000 0.001500, 0.000750 -0.020000 0.002000, 0.000750 -0.017000 0.001500,
 0.000750 -0.017000 0.002000
]
}
IndexedFaceSet {
coordIndex [
 2, 0, 3, -1, 3, 0, 1, -1, 14, 2, 15, -1,
 15, 2, 3, -1, 12, 14, 13, -1, 13, 14, 15, -1,
 10, 12, 11, -1, 11, 12, 13, -1, 8, 10, 9, -1,
 9, 10, 11, -1, 4, 8, 5, -1, 5, 8, 9, -1,
 6, 4, 7, -1, 7, 4, 5, -1, 0, 6, 1, -1,
 1, 6, 7, -1, 14, 12, 2, -1, 2, 12, 10, -1,
 0, 2, 6, -1, 6, 2, 10, -1, 6, 10, 4, -1,
 4, 10, 8, -1, 3, 1, 15, -1, 15, 1, 7, -1,
 13, 15, 11, -1, 11, 15, 7, -1, 11, 7, 9, -1,
 9, 7, 5, -1
]
materialIndex [
 0, 0, 0, 0, 0, 0,
 0, 0, 0, 0, 0, 0,
 0, 0, 0, 0, 0, 0, 0, 0, 0, 0,
 0, 0, 0, 0, 0, 0,
]
}
}
Separator {
MaterialBinding {
value PER_FACE_INDEXED
}
Material {
ambientColor [
 1.000000 1.000000 1.000000
]
diffuseColor [
 1.000000 1.000000 1.000000
]
emissiveColor [
 0.000000 0.000000 0.000000
]
specularColor [
 0.900000 0.900000 0.900000
]
shininess [
 0.312500
]
transparency [
 0.600000
]
}
Coordinate3 {
point [
 0.003000 -0.020000 0.001500, 0.003000 -0.020000 0.002000, 0.003000 -0.017000 0.001500, 0.003000 -0.017000 0.002000, 0.003300 -0.028000 0.001500,
 0.003300 -0.028000 0.002000, 0.003300 -0.020000 0.001500, 0.003300 -0.020000 0.002000, 0.004200 -0.028000 0.001500, 0.004200 -0.028000 0.002000,
 0.004200 -0.020000 0.001500, 0.004200 -0.020000 0.002000, 0.004500 -0.020000 0.001500, 0.004500 -0.020000 0.002000, 0.004500 -0.017000 0.001500,
 0.004500 -0.017000 0.002000
]
}
IndexedFaceSet {
coordIndex [
 2, 0, 3, -1, 3, 0, 1, -1, 14, 2, 15, -1,
 15, 2, 3, -1, 12, 14, 13, -1, 13, 14, 15, -1,
 10, 12, 11, -1, 11, 12, 13, -1, 8, 10, 9, -1,
 9, 10, 11, -1, 4, 8, 5, -1, 5, 8, 9, -1,
 6, 4, 7, -1, 7, 4, 5, -1, 0, 6, 1, -1,
 1, 6, 7, -1, 14, 12, 2, -1, 2, 12, 10, -1,
 0, 2, 6, -1, 6, 2, 10, -1, 6, 10, 4, -1,
 4, 10, 8, -1, 3, 1, 15, -1, 15, 1, 7, -1,
 13, 15, 11, -1, 11, 15, 7, -1, 11, 7, 9, -1,
 9, 7, 5, -1
]
materialIndex [
 0, 0, 0, 0, 0, 0,
 0, 0, 0, 0, 0, 0,
 0, 0, 0, 0, 0, 0, 0, 0, 0, 0,
 0, 0, 0, 0, 0, 0,
]
}
}
Separator {
MaterialBinding {
value PER_FACE_INDEXED
}
Material {
ambientColor [
 1.000000 1.000000 1.000000
]
diffuseColor [
 1.000000 1.000000 1.000000
]
emissiveColor [
 0.000000 0.000000 0.000000
]
specularColor [
 0.900000 0.900000 0.900000
]
shininess [
 0.312500
]
transparency [
 0.600000
]
}
Coordinate3 {
point [
 0.006750 -0.020000 0.001500, 0.006750 -0.020000 0.002000, 0.006750 -0.017000 0.001500, 0.006750 -0.017000 0.002000, 0.007050 -0.028000 0.001500,
 0.007050 -0.028000 0.002000, 0.007050 -0.020000 0.001500, 0.007050 -0.020000 0.002000, 0.007950 -0.028000 0.001500, 0.007950 -0.028000 0.002000,
 0.007950 -0.020000 0.001500, 0.007950 -0.020000 0.002000, 0.008250 -0.020000 0.001500, 0.008250 -0.020000 0.002000, 0.008250 -0.017000 0.001500,
 0.008250 -0.017000 0.002000
]
}
IndexedFaceSet {
coordIndex [
 2, 0, 3, -1, 3, 0, 1, -1, 14, 2, 15, -1,
 15, 2, 3, -1, 12, 14, 13, -1, 13, 14, 15, -1,
 10, 12, 11, -1, 11, 12, 13, -1, 8, 10, 9, -1,
 9, 10, 11, -1, 4, 8, 5, -1, 5, 8, 9, -1,
 6, 4, 7, -1, 7, 4, 5, -1, 0, 6, 1, -1,
 1, 6, 7, -1, 14, 12, 2, -1, 2, 12, 10, -1,
 0, 2, 6, -1, 6, 2, 10, -1, 6, 10, 4, -1,
 4, 10, 8, -1, 3, 1, 15, -1, 15, 1, 7, -1,
 13, 15, 11, -1, 11, 15, 7, -1, 11, 7, 9, -1,
 9, 7, 5, -1
]
materialIndex [
 0, 0, 0, 0, 0, 0,
 0, 0, 0, 0, 0, 0,
 0, 0, 0, 0, 0, 0, 0, 0, 0, 0,
 0, 0, 0, 0, 0, 0,
]
}
}
Separator {
MaterialBinding {
value PER_FACE_INDEXED
}
Material {
ambientColor [
 1.000000 1.000000 1.000000
]
diffuseColor [
 1.000000 1.000000 1.000000
]
emissiveColor [
 0.000000 0.000000 0.000000
]
specularColor [
 0.900000 0.900000 0.900000
]
shininess [
 0.312500
]
transparency [
 0.600000
]
}
Coordinate3 {
point [
 0.010500 -0.020000 0.001500, 0.010500 -0.020000 0.002000, 0.010500 -0.017000 0.001500, 0.010500 -0.017000 0.002000, 0.010800 -0.028000 0.001500,
 0.010800 -0.028000 0.002000, 0.010800 -0.020000 0.001500, 0.010800 -0.020000 0.002000, 0.011700 -0.028000 0.001500, 0.011700 -0.028000 0.002000,
 0.011700 -0.020000 0.001500, 0.011700 -0.020000 0.002000, 0.012000 -0.020000 0.001500, 0.012000 -0.020000 0.002000, 0.012000 -0.017000 0.001500,
 0.012000 -0.017000 0.002000
]
}
IndexedFaceSet {
coordIndex [
 2, 0, 3, -1, 3, 0, 1, -1, 14, 2, 15, -1,
 15, 2, 3, -1, 12, 14, 13, -1, 13, 14, 15, -1,
 10, 12, 11, -1, 11, 12, 13, -1, 8, 10, 9, -1,
 9, 10, 11, -1, 4, 8, 5, -1, 5, 8, 9, -1,
 6, 4, 7, -1, 7, 4, 5, -1, 0, 6, 1, -1,
 1, 6, 7, -1, 14, 12, 2, -1, 2, 12, 10, -1,
 0, 2, 6, -1, 6, 2, 10, -1, 6, 10, 4, -1,
 4, 10, 8, -1, 3, 1, 15, -1, 15, 1, 7, -1,
 13, 15, 11, -1, 11, 15, 7, -1, 11, 7, 9, -1,
 9, 7, 5, -1
]
materialIndex [
 0, 0, 0, 0, 0, 0,
 0, 0, 0, 0, 0, 0,
 0, 0, 0, 0, 0, 0, 0, 0, 0, 0,
 0, 0, 0, 0, 0, 0,
]
}
}
Separator {
MaterialBinding {
value PER_FACE_INDEXED
}
Material {
ambientColor [
 1.000000 1.000000 1.000000
]
diffuseColor [
 1.000000 1.000000 1.000000
]
emissiveColor [
 0.000000 0.000000 0.000000
]
specularColor [
 0.900000 0.900000 0.900000
]
shininess [
 0.312500
]
transparency [
 0.600000
]
}
Coordinate3 {
point [
 0.014250 -0.020000 0.001500, 0.014250 -0.020000 0.002000, 0.014250 -0.017000 0.001500, 0.014250 -0.017000 0.002000, 0.014550 -0.028000 0.001500,
 0.014550 -0.028000 0.002000, 0.014550 -0.020000 0.001500, 0.014550 -0.020000 0.002000, 0.015450 -0.028000 0.001500, 0.015450 -0.028000 0.002000,
 0.015450 -0.020000 0.001500, 0.015450 -0.020000 0.002000, 0.015750 -0.020000 0.001500, 0.015750 -0.020000 0.002000, 0.015750 -0.017000 0.001500,
 0.015750 -0.017000 0.002000
]
}
IndexedFaceSet {
coordIndex [
 2, 0, 3, -1, 3, 0, 1, -1, 14, 2, 15, -1,
 15, 2, 3, -1, 12, 14, 13, -1, 13, 14, 15, -1,
 10, 12, 11, -1, 11, 12, 13, -1, 8, 10, 9, -1,
 9, 10, 11, -1, 4, 8, 5, -1, 5, 8, 9, -1,
 6, 4, 7, -1, 7, 4, 5, -1, 0, 6, 1, -1,
 1, 6, 7, -1, 14, 12, 2, -1, 2, 12, 10, -1,
 0, 2, 6, -1, 6, 2, 10, -1, 6, 10, 4, -1,
 4, 10, 8, -1, 3, 1, 15, -1, 15, 1, 7, -1,
 13, 15, 11, -1, 11, 15, 7, -1, 11, 7, 9, -1,
 9, 7, 5, -1
]
materialIndex [
 0, 0, 0, 0, 0, 0,
 0, 0, 0, 0, 0, 0,
 0, 0, 0, 0, 0, 0, 0, 0, 0, 0,
 0, 0, 0, 0, 0, 0,
]
}
}
Separator {
MaterialBinding {
value PER_FACE_INDEXED
}
Material {
ambientColor [
 1.000000 1.000000 1.000000
]
diffuseColor [
 1.000000 1.000000 1.000000
]
emissiveColor [
 0.000000 0.000000 0.000000
]
specularColor [
 0.900000 0.900000 0.900000
]
shininess [
 0.312500
]
transparency [
 0.600000
]
}
Coordinate3 {
point [
 0.018000 -0.020000 0.001500, 0.018000 -0.020000 0.002000, 0.018000 -0.017000 0.001500, 0.018000 -0.017000 0.002000, 0.018300 -0.028000 0.001500,
 0.018300 -0.028000 0.002000, 0.018300 -0.020000 0.001500, 0.018300 -0.020000 0.002000, 0.019200 -0.028000 0.001500, 0.019200 -0.028000 0.002000,
 0.019200 -0.020000 0.001500, 0.019200 -0.020000 0.002000, 0.019500 -0.020000 0.001500, 0.019500 -0.020000 0.002000, 0.019500 -0.017000 0.001500,
 0.019500 -0.017000 0.002000
]
}
IndexedFaceSet {
coordIndex [
 2, 0, 3, -1, 3, 0, 1, -1, 14, 2, 15, -1,
 15, 2, 3, -1, 12, 14, 13, -1, 13, 14, 15, -1,
 10, 12, 11, -1, 11, 12, 13, -1, 8, 10, 9, -1,
 9, 10, 11, -1, 4, 8, 5, -1, 5, 8, 9, -1,
 6, 4, 7, -1, 7, 4, 5, -1, 0, 6, 1, -1,
 1, 6, 7, -1, 14, 12, 2, -1, 2, 12, 10, -1,
 0, 2, 6, -1, 6, 2, 10, -1, 6, 10, 4, -1,
 4, 10, 8, -1, 3, 1, 15, -1, 15, 1, 7, -1,
 13, 15, 11, -1, 11, 15, 7, -1, 11, 7, 9, -1,
 9, 7, 5, -1
]
materialIndex [
 0, 0, 0, 0, 0, 0,
 0, 0, 0, 0, 0, 0,
 0, 0, 0, 0, 0, 0, 0, 0, 0, 0,
 0, 0, 0, 0, 0, 0,
]
}
}
Separator {
MaterialBinding {
value PER_FACE_INDEXED
}
Material {
ambientColor [
 1.000000 1.000000 1.000000
]
diffuseColor [
 1.000000 1.000000 1.000000
]
emissiveColor [
 0.000000 0.000000 0.000000
]
specularColor [
 0.900000 0.900000 0.900000
]
shininess [
 0.312500
]
transparency [
 0.600000
]
}
Coordinate3 {
point [
 0.021750 -0.020000 0.001500, 0.021750 -0.020000 0.002000, 0.021750 -0.017000 0.001500, 0.021750 -0.017000 0.002000, 0.022050 -0.028000 0.001500,
 0.022050 -0.028000 0.002000, 0.022050 -0.020000 0.001500, 0.022050 -0.020000 0.002000, 0.022950 -0.028000 0.001500, 0.022950 -0.028000 0.002000,
 0.022950 -0.020000 0.001500, 0.022950 -0.020000 0.002000, 0.023250 -0.020000 0.001500, 0.023250 -0.020000 0.002000, 0.023250 -0.017000 0.001500,
 0.023250 -0.017000 0.002000
]
}
IndexedFaceSet {
coordIndex [
 2, 0, 3, -1, 3, 0, 1, -1, 14, 2, 15, -1,
 15, 2, 3, -1, 12, 14, 13, -1, 13, 14, 15, -1,
 10, 12, 11, -1, 11, 12, 13, -1, 8, 10, 9, -1,
 9, 10, 11, -1, 4, 8, 5, -1, 5, 8, 9, -1,
 6, 4, 7, -1, 7, 4, 5, -1, 0, 6, 1, -1,
 1, 6, 7, -1, 14, 12, 2, -1, 2, 12, 10, -1,
 0, 2, 6, -1, 6, 2, 10, -1, 6, 10, 4, -1,
 4, 10, 8, -1, 3, 1, 15, -1, 15, 1, 7, -1,
 13, 15, 11, -1, 11, 15, 7, -1, 11, 7, 9, -1,
 9, 7, 5, -1
]
materialIndex [
 0, 0, 0, 0, 0, 0,
 0, 0, 0, 0, 0, 0,
 0, 0, 0, 0, 0, 0, 0, 0, 0, 0,
 0, 0, 0, 0, 0, 0,
]
}
}
Separator {
MaterialBinding {
value PER_FACE_INDEXED
}
Material {
ambientColor [
 1.000000 1.000000 1.000000
]
diffuseColor [
 1.000000 1.000000 1.000000
]
emissiveColor [
 0.000000 0.000000 0.000000
]
specularColor [
 0.900000 0.900000 0.900000
]
shininess [
 0.312500
]
transparency [
 0.600000
]
}
Coordinate3 {
point [
 0.025500 -0.020000 0.001500, 0.025500 -0.020000 0.002000, 0.025500 -0.017000 0.001500, 0.025500 -0.017000 0.002000, 0.025800 -0.028000 0.001500,
 0.025800 -0.028000 0.002000, 0.025800 -0.020000 0.001500, 0.025800 -0.020000 0.002000, 0.026700 -0.028000 0.001500, 0.026700 -0.028000 0.002000,
 0.026700 -0.020000 0.001500, 0.026700 -0.020000 0.002000, 0.027000 -0.020000 0.001500, 0.027000 -0.020000 0.002000, 0.027000 -0.017000 0.001500,
 0.027000 -0.017000 0.002000
]
}
IndexedFaceSet {
coordIndex [
 2, 0, 3, -1, 3, 0, 1, -1, 14, 2, 15, -1,
 15, 2, 3, -1, 12, 14, 13, -1, 13, 14, 15, -1,
 10, 12, 11, -1, 11, 12, 13, -1, 8, 10, 9, -1,
 9, 10, 11, -1, 4, 8, 5, -1, 5, 8, 9, -1,
 6, 4, 7, -1, 7, 4, 5, -1, 0, 6, 1, -1,
 1, 6, 7, -1, 14, 12, 2, -1, 2, 12, 10, -1,
 0, 2, 6, -1, 6, 2, 10, -1, 6, 10, 4, -1,
 4, 10, 8, -1, 3, 1, 15, -1, 15, 1, 7, -1,
 13, 15, 11, -1, 11, 15, 7, -1, 11, 7, 9, -1,
 9, 7, 5, -1
]
materialIndex [
 0, 0, 0, 0, 0, 0,
 0, 0, 0, 0, 0, 0,
 0, 0, 0, 0, 0, 0, 0, 0, 0, 0,
 0, 0, 0, 0, 0, 0,
]
}
}
Separator {
MaterialBinding {
value PER_FACE_INDEXED
}
Material {
ambientColor [
 1.000000 1.000000 1.000000
]
diffuseColor [
 1.000000 1.000000 1.000000
]
emissiveColor [
 0.000000 0.000000 0.000000
]
specularColor [
 0.900000 0.900000 0.900000
]
shininess [
 0.312500
]
transparency [
 0.600000
]
}
Coordinate3 {
point [
 0.029250 -0.020000 0.001500, 0.029250 -0.020000 0.002000, 0.029250 -0.017000 0.001500, 0.029250 -0.017000 0.002000, 0.029550 -0.028000 0.001500,
 0.029550 -0.028000 0.002000, 0.029550 -0.020000 0.001500, 0.029550 -0.020000 0.002000, 0.030450 -0.028000 0.001500, 0.030450 -0.028000 0.002000,
 0.030450 -0.020000 0.001500, 0.030450 -0.020000 0.002000, 0.030750 -0.020000 0.001500, 0.030750 -0.020000 0.002000, 0.030750 -0.017000 0.001500,
 0.030750 -0.017000 0.002000
]
}
IndexedFaceSet {
coordIndex [
 2, 0, 3, -1, 3, 0, 1, -1, 14, 2, 15, -1,
 15, 2, 3, -1, 12, 14, 13, -1, 13, 14, 15, -1,
 10, 12, 11, -1, 11, 12, 13, -1, 8, 10, 9, -1,
 9, 10, 11, -1, 4, 8, 5, -1, 5, 8, 9, -1,
 6, 4, 7, -1, 7, 4, 5, -1, 0, 6, 1, -1,
 1, 6, 7, -1, 14, 12, 2, -1, 2, 12, 10, -1,
 0, 2, 6, -1, 6, 2, 10, -1, 6, 10, 4, -1,
 4, 10, 8, -1, 3, 1, 15, -1, 15, 1, 7, -1,
 13, 15, 11, -1, 11, 15, 7, -1, 11, 7, 9, -1,
 9, 7, 5, -1
]
materialIndex [
 0, 0, 0, 0, 0, 0,
 0, 0, 0, 0, 0, 0,
 0, 0, 0, 0, 0, 0, 0, 0, 0, 0,
 0, 0, 0, 0, 0, 0,
]
}
}
Separator {
MaterialBinding {
value PER_FACE_INDEXED
}
Material {
ambientColor [
 1.000000 1.000000 1.000000
]
diffuseColor [
 1.000000 1.000000 1.000000
]
emissiveColor [
 0.000000 0.000000 0.000000
]
specularColor [
 0.900000 0.900000 0.900000
]
shininess [
 0.312500
]
transparency [
 0.600000
]
}
Coordinate3 {
point [
 0.033000 -0.020000 0.001500, 0.033000 -0.020000 0.002000, 0.033000 -0.017000 0.001500, 0.033000 -0.017000 0.002000, 0.033300 -0.028000 0.001500,
 0.033300 -0.028000 0.002000, 0.033300 -0.020000 0.001500, 0.033300 -0.020000 0.002000, 0.034200 -0.028000 0.001500, 0.034200 -0.028000 0.002000,
 0.034200 -0.020000 0.001500, 0.034200 -0.020000 0.002000, 0.034500 -0.020000 0.001500, 0.034500 -0.020000 0.002000, 0.034500 -0.017000 0.001500,
 0.034500 -0.017000 0.002000
]
}
IndexedFaceSet {
coordIndex [
 2, 0, 3, -1, 3, 0, 1, -1, 14, 2, 15, -1,
 15, 2, 3, -1, 12, 14, 13, -1, 13, 14, 15, -1,
 10, 12, 11, -1, 11, 12, 13, -1, 8, 10, 9, -1,
 9, 10, 11, -1, 4, 8, 5, -1, 5, 8, 9, -1,
 6, 4, 7, -1, 7, 4, 5, -1, 0, 6, 1, -1,
 1, 6, 7, -1, 14, 12, 2, -1, 2, 12, 10, -1,
 0, 2, 6, -1, 6, 2, 10, -1, 6, 10, 4, -1,
 4, 10, 8, -1, 3, 1, 15, -1, 15, 1, 7, -1,
 13, 15, 11, -1, 11, 15, 7, -1, 11, 7, 9, -1,
 9, 7, 5, -1
]
materialIndex [
 0, 0, 0, 0, 0, 0,
 0, 0, 0, 0, 0, 0,
 0, 0, 0, 0, 0, 0, 0, 0, 0, 0,
 0, 0, 0, 0, 0, 0,
]
}
}
Separator {
MaterialBinding {
value PER_FACE_INDEXED
}
Material {
ambientColor [
 1.000000 1.000000 1.000000
]
diffuseColor [
 1.000000 1.000000 1.000000
]
emissiveColor [
 0.000000 0.000000 0.000000
]
specularColor [
 0.900000 0.900000 0.900000
]
shininess [
 0.312500
]
transparency [
 0.600000
]
}
Coordinate3 {
point [
 0.036750 -0.020000 0.001500, 0.036750 -0.020000 0.002000, 0.036750 -0.017000 0.001500, 0.036750 -0.017000 0.002000, 0.037050 -0.028000 0.001500,
 0.037050 -0.028000 0.002000, 0.037050 -0.020000 0.001500, 0.037050 -0.020000 0.002000, 0.037950 -0.028000 0.001500, 0.037950 -0.028000 0.002000,
 0.037950 -0.020000 0.001500, 0.037950 -0.020000 0.002000, 0.038250 -0.020000 0.001500, 0.038250 -0.020000 0.002000, 0.038250 -0.017000 0.001500,
 0.038250 -0.017000 0.002000
]
}
IndexedFaceSet {
coordIndex [
 2, 0, 3, -1, 3, 0, 1, -1, 14, 2, 15, -1,
 15, 2, 3, -1, 12, 14, 13, -1, 13, 14, 15, -1,
 10, 12, 11, -1, 11, 12, 13, -1, 8, 10, 9, -1,
 9, 10, 11, -1, 4, 8, 5, -1, 5, 8, 9, -1,
 6, 4, 7, -1, 7, 4, 5, -1, 0, 6, 1, -1,
 1, 6, 7, -1, 14, 12, 2, -1, 2, 12, 10, -1,
 0, 2, 6, -1, 6, 2, 10, -1, 6, 10, 4, -1,
 4, 10, 8, -1, 3, 1, 15, -1, 15, 1, 7, -1,
 13, 15, 11, -1, 11, 15, 7, -1, 11, 7, 9, -1,
 9, 7, 5, -1
]
materialIndex [
 0, 0, 0, 0, 0, 0,
 0, 0, 0, 0, 0, 0,
 0, 0, 0, 0, 0, 0, 0, 0, 0, 0,
 0, 0, 0, 0, 0, 0,
]
}
}
Separator {
MaterialBinding {
value PER_FACE_INDEXED
}
Material {
ambientColor [
 1.000000 1.000000 1.000000
]
diffuseColor [
 1.000000 1.000000 1.000000
]
emissiveColor [
 0.000000 0.000000 0.000000
]
specularColor [
 0.900000 0.900000 0.900000
]
shininess [
 0.312500
]
transparency [
 0.600000
]
}
Coordinate3 {
point [
 0.040500 -0.020000 0.001500, 0.040500 -0.020000 0.002000, 0.040500 -0.017000 0.001500, 0.040500 -0.017000 0.002000, 0.040800 -0.028000 0.001500,
 0.040800 -0.028000 0.002000, 0.040800 -0.020000 0.001500, 0.040800 -0.020000 0.002000, 0.041700 -0.028000 0.001500, 0.041700 -0.028000 0.002000,
 0.041700 -0.020000 0.001500, 0.041700 -0.020000 0.002000, 0.042000 -0.020000 0.001500, 0.042000 -0.020000 0.002000, 0.042000 -0.017000 0.001500,
 0.042000 -0.017000 0.002000
]
}
IndexedFaceSet {
coordIndex [
 2, 0, 3, -1, 3, 0, 1, -1, 14, 2, 15, -1,
 15, 2, 3, -1, 12, 14, 13, -1, 13, 14, 15, -1,
 10, 12, 11, -1, 11, 12, 13, -1, 8, 10, 9, -1,
 9, 10, 11, -1, 4, 8, 5, -1, 5, 8, 9, -1,
 6, 4, 7, -1, 7, 4, 5, -1, 0, 6, 1, -1,
 1, 6, 7, -1, 14, 12, 2, -1, 2, 12, 10, -1,
 0, 2, 6, -1, 6, 2, 10, -1, 6, 10, 4, -1,
 4, 10, 8, -1, 3, 1, 15, -1, 15, 1, 7, -1,
 13, 15, 11, -1, 11, 15, 7, -1, 11, 7, 9, -1,
 9, 7, 5, -1
]
materialIndex [
 0, 0, 0, 0, 0, 0,
 0, 0, 0, 0, 0, 0,
 0, 0, 0, 0, 0, 0, 0, 0, 0, 0,
 0, 0, 0, 0, 0, 0,
]
}
}
Separator {
MaterialBinding {
value PER_FACE_INDEXED
}
Material {
ambientColor [
 1.000000 1.000000 1.000000
]
diffuseColor [
 1.000000 1.000000 1.000000
]
emissiveColor [
 0.000000 0.000000 0.000000
]
specularColor [
 0.900000 0.900000 0.900000
]
shininess [
 0.312500
]
transparency [
 0.600000
]
}
Coordinate3 {
point [
 0.044250 -0.020000 0.001500, 0.044250 -0.020000 0.002000, 0.044250 -0.017000 0.001500, 0.044250 -0.017000 0.002000, 0.044550 -0.028000 0.001500,
 0.044550 -0.028000 0.002000, 0.044550 -0.020000 0.001500, 0.044550 -0.020000 0.002000, 0.045450 -0.028000 0.001500, 0.045450 -0.028000 0.002000,
 0.045450 -0.020000 0.001500, 0.045450 -0.020000 0.002000, 0.045750 -0.020000 0.001500, 0.045750 -0.020000 0.002000, 0.045750 -0.017000 0.001500,
 0.045750 -0.017000 0.002000
]
}
IndexedFaceSet {
coordIndex [
 2, 0, 3, -1, 3, 0, 1, -1, 14, 2, 15, -1,
 15, 2, 3, -1, 12, 14, 13, -1, 13, 14, 15, -1,
 10, 12, 11, -1, 11, 12, 13, -1, 8, 10, 9, -1,
 9, 10, 11, -1, 4, 8, 5, -1, 5, 8, 9, -1,
 6, 4, 7, -1, 7, 4, 5, -1, 0, 6, 1, -1,
 1, 6, 7, -1, 14, 12, 2, -1, 2, 12, 10, -1,
 0, 2, 6, -1, 6, 2, 10, -1, 6, 10, 4, -1,
 4, 10, 8, -1, 3, 1, 15, -1, 15, 1, 7, -1,
 13, 15, 11, -1, 11, 15, 7, -1, 11, 7, 9, -1,
 9, 7, 5, -1
]
materialIndex [
 0, 0, 0, 0, 0, 0,
 0, 0, 0, 0, 0, 0,
 0, 0, 0, 0, 0, 0, 0, 0, 0, 0,
 0, 0, 0, 0, 0, 0,
]
}
}
Separator {
MaterialBinding {
value PER_FACE_INDEXED
}
Material {
ambientColor [
 1.000000 1.000000 1.000000
]
diffuseColor [
 1.000000 1.000000 1.000000
]
emissiveColor [
 0.000000 0.000000 0.000000
]
specularColor [
 0.900000 0.900000 0.900000
]
shininess [
 0.312500
]
transparency [
 0.600000
]
}
Coordinate3 {
point [
 0.048000 -0.020000 0.001500, 0.048000 -0.020000 0.002000, 0.048000 -0.017000 0.001500, 0.048000 -0.017000 0.002000, 0.048300 -0.028000 0.001500,
 0.048300 -0.028000 0.002000, 0.048300 -0.020000 0.001500, 0.048300 -0.020000 0.002000, 0.049200 -0.028000 0.001500, 0.049200 -0.028000 0.002000,
 0.049200 -0.020000 0.001500, 0.049200 -0.020000 0.002000, 0.049500 -0.020000 0.001500, 0.049500 -0.020000 0.002000, 0.049500 -0.017000 0.001500,
 0.049500 -0.017000 0.002000
]
}
IndexedFaceSet {
coordIndex [
 2, 0, 3, -1, 3, 0, 1, -1, 14, 2, 15, -1,
 15, 2, 3, -1, 12, 14, 13, -1, 13, 14, 15, -1,
 10, 12, 11, -1, 11, 12, 13, -1, 8, 10, 9, -1,
 9, 10, 11, -1, 4, 8, 5, -1, 5, 8, 9, -1,
 6, 4, 7, -1, 7, 4, 5, -1, 0, 6, 1, -1,
 1, 6, 7, -1, 14, 12, 2, -1, 2, 12, 10, -1,
 0, 2, 6, -1, 6, 2, 10, -1, 6, 10, 4, -1,
 4, 10, 8, -1, 3, 1, 15, -1, 15, 1, 7, -1,
 13, 15, 11, -1, 11, 15, 7, -1, 11, 7, 9, -1,
 9, 7, 5, -1
]
materialIndex [
 0, 0, 0, 0, 0, 0,
 0, 0, 0, 0, 0, 0,
 0, 0, 0, 0, 0, 0, 0, 0, 0, 0,
 0, 0, 0, 0, 0, 0,
]
}
}
Separator {
MaterialBinding {
value PER_FACE_INDEXED
}
Material {
ambientColor [
 1.000000 1.000000 1.000000
]
diffuseColor [
 1.000000 1.000000 1.000000
]
emissiveColor [
 0.000000 0.000000 0.000000
]
specularColor [
 0.900000 0.900000 0.900000
]
shininess [
 0.312500
]
transparency [
 0.600000
]
}
Coordinate3 {
point [
 -0.040000 0.002750 0.002000, -0.040000 0.002750 0.002500, -0.040000 0.005750 0.002000, -0.040000 0.005750 0.002500, -0.039000 0.002750 0.002000,
 -0.039000 0.002750 0.002500, -0.039000 0.005750 0.002000, -0.039000 0.005750 0.002500
]
}
IndexedFaceSet {
coordIndex [
 7, 5, 6, -1, 6, 5, 4, -1, 3, 7, 2, -1,
 2, 7, 6, -1, 1, 3, 0, -1, 0, 3, 2, -1,
 5, 1, 4, -1, 4, 1, 0, -1, 3, 1, 7, -1,
 7, 1, 5, -1, 0, 2, 4, -1, 4, 2, 6, -1
]
materialIndex [
 0, 0, 0, 0, 0, 0,
 0, 0, 0, 0, 0, 0,
]
}
}
Separator {
MaterialBinding {
value PER_FACE_INDEXED
}
Material {
ambientColor [
 1.000000 1.000000 1.000000
]
diffuseColor [
 1.000000 1.000000 1.000000
]
emissiveColor [
 0.000000 0.000000 0.000000
]
specularColor [
 0.900000 0.900000 0.900000
]
shininess [
 0.312500
]
transparency [
 0.600000
]
}
Coordinate3 {
point [
 0.031500 0.002750 0.002000, 0.031500 0.002750 0.002500, 0.031500 0.005750 0.002000, 0.031500 0.005750 0.002500, 0.032500 0.002750 0.002000,
 0.032500 0.002750 0.002500, 0.032500 0.005750 0.002000, 0.032500 0.005750 0.002500
]
}
IndexedFaceSet {
coordIndex [
 5, 1, 4, -1, 4, 1, 0, -1, 7, 5, 6, -1,
 6, 5, 4, -1, 3, 7, 2, -1, 2, 7, 6, -1,
 1, 3, 0, -1, 0, 3, 2, -1, 7, 3, 5, -1,
 5, 3, 1, -1, 2, 6, 0, -1, 0, 6, 4, -1
]
materialIndex [
 0, 0, 0, 0, 0, 0,
 0, 0, 0, 0, 0, 0,
]
}
}
Separator {
MaterialBinding {
value PER_FACE_INDEXED
}
Material {
ambientColor [
 1.000000 1.000000 1.000000
]
diffuseColor [
 1.000000 1.000000 1.000000
]
emissiveColor [
 0.000000 0.000000 0.000000
]
specularColor [
 0.900000 0.900000 0.900000
]
shininess [
 0.312500
]
transparency [
 0.600000
]
}
Coordinate3 {
point [
 0.028500 0.006000 0.002000, 0.028500 0.006000 0.002500, 0.028500 0.007000 0.002000, 0.028500 0.007000 0.002500, 0.031500 0.006000 0.002000,
 0.031500 0.006000 0.002500, 0.031500 0.007000 0.002000, 0.031500 0.007000 0.002500
]
}
IndexedFaceSet {
coordIndex [
 5, 1, 4, -1, 4, 1, 0, -1, 7, 5, 6, -1,
 6, 5, 4, -1, 3, 7, 2, -1, 2, 7, 6, -1,
 1, 3, 0, -1, 0, 3, 2, -1, 7, 3, 5, -1,
 5, 3, 1, -1, 2, 6, 0, -1, 0, 6, 4, -1
]
materialIndex [
 0, 0, 0, 0, 0, 0,
 0, 0, 0, 0, 0, 0,
]
}
}
Separator {
MaterialBinding {
value PER_FACE_INDEXED
}
Material {
ambientColor [
 1.000000 1.000000 1.000000
]
diffuseColor [
 1.000000 1.000000 1.000000
]
emissiveColor [
 0.000000 0.000000 0.000000
]
specularColor [
 0.900000 0.900000 0.900000
]
shininess [
 0.312500
]
transparency [
 0.600000
]
}
Coordinate3 {
point [
 0.027500 -0.001750 0.002000, 0.027500 -0.001750 0.002500, 0.027500 0.001250 0.002000, 0.027500 0.001250 0.002500, 0.028500 -0.001750 0.002000,
 0.028500 -0.001750 0.002500, 0.028500 0.001250 0.002000, 0.028500 0.001250 0.002500
]
}
IndexedFaceSet {
coordIndex [
 5, 1, 4, -1, 4, 1, 0, -1, 7, 5, 6, -1,
 6, 5, 4, -1, 3, 7, 2, -1, 2, 7, 6, -1,
 1, 3, 0, -1, 0, 3, 2, -1, 7, 3, 5, -1,
 5, 3, 1, -1, 2, 6, 0, -1, 0, 6, 4, -1
]
materialIndex [
 0, 0, 0, 0, 0, 0,
 0, 0, 0, 0, 0, 0,
]
}
}
Separator {
MaterialBinding {
value PER_FACE_INDEXED
}
Material {
ambientColor [
 1.000000 1.000000 1.000000
]
diffuseColor [
 1.000000 1.000000 1.000000
]
emissiveColor [
 0.000000 0.000000 0.000000
]
specularColor [
 0.900000 0.900000 0.900000
]
shininess [
 0.312500
]
transparency [
 0.600000
]
}
Coordinate3 {
point [
 0.028500 0.001500 0.002000, 0.028500 0.001500 0.002500, 0.028500 0.002500 0.002000, 0.028500 0.002500 0.002500, 0.031500 0.001500 0.002000,
 0.031500 0.001500 0.002500, 0.031500 0.002500 0.002000, 0.031500 0.002500 0.002500
]
}
IndexedFaceSet {
coordIndex [
 5, 1, 4, -1, 4, 1, 0, -1, 7, 5, 6, -1,
 6, 5, 4, -1, 3, 7, 2, -1, 2, 7, 6, -1,
 1, 3, 0, -1, 0, 3, 2, -1, 7, 3, 5, -1,
 5, 3, 1, -1, 2, 6, 0, -1, 0, 6, 4, -1
]
materialIndex [
 0, 0, 0, 0, 0, 0,
 0, 0, 0, 0, 0, 0,
]
}
}
Separator {
MaterialBinding {
value PER_FACE_INDEXED
}
Material {
ambientColor [
 1.000000 1.000000 1.000000
]
diffuseColor [
 1.000000 1.000000 1.000000
]
emissiveColor [
 0.000000 0.000000 0.000000
]
specularColor [
 0.900000 0.900000 0.900000
]
shininess [
 0.312500
]
transparency [
 0.600000
]
}
Coordinate3 {
point [
 0.024000 -0.001750 0.002000, 0.024000 -0.001750 0.002500, 0.024000 0.001250 0.002000, 0.024000 0.001250 0.002500, 0.025000 -0.001750 0.002000,
 0.025000 -0.001750 0.002500, 0.025000 0.001250 0.002000, 0.025000 0.001250 0.002500
]
}
IndexedFaceSet {
coordIndex [
 5, 1, 4, -1, 4, 1, 0, -1, 7, 5, 6, -1,
 6, 5, 4, -1, 3, 7, 2, -1, 2, 7, 6, -1,
 1, 3, 0, -1, 0, 3, 2, -1, 7, 3, 5, -1,
 5, 3, 1, -1, 2, 6, 0, -1, 0, 6, 4, -1
]
materialIndex [
 0, 0, 0, 0, 0, 0,
 0, 0, 0, 0, 0, 0,
]
}
}
Separator {
MaterialBinding {
value PER_FACE_INDEXED
}
Material {
ambientColor [
 1.000000 1.000000 1.000000
]
diffuseColor [
 1.000000 1.000000 1.000000
]
emissiveColor [
 0.000000 0.000000 0.000000
]
specularColor [
 0.900000 0.900000 0.900000
]
shininess [
 0.312500
]
transparency [
 0.600000
]
}
Coordinate3 {
point [
 0.020000 -0.001750 0.002000, 0.020000 -0.001750 0.002500, 0.020000 0.001250 0.002000, 0.020000 0.001250 0.002500, 0.021000 -0.001750 0.002000,
 0.021000 -0.001750 0.002500, 0.021000 0.001250 0.002000, 0.021000 0.001250 0.002500
]
}
IndexedFaceSet {
coordIndex [
 5, 1, 4, -1, 4, 1, 0, -1, 7, 5, 6, -1,
 6, 5, 4, -1, 3, 7, 2, -1, 2, 7, 6, -1,
 1, 3, 0, -1, 0, 3, 2, -1, 7, 3, 5, -1,
 5, 3, 1, -1, 2, 6, 0, -1, 0, 6, 4, -1
]
materialIndex [
 0, 0, 0, 0, 0, 0,
 0, 0, 0, 0, 0, 0,
]
}
}
Separator {
MaterialBinding {
value PER_FACE_INDEXED
}
Material {
ambientColor [
 1.000000 1.000000 1.000000
]
diffuseColor [
 1.000000 1.000000 1.000000
]
emissiveColor [
 0.000000 0.000000 0.000000
]
specularColor [
 0.900000 0.900000 0.900000
]
shininess [
 0.312500
]
transparency [
 0.600000
]
}
Coordinate3 {
point [
 0.027500 0.002750 0.002000, 0.027500 0.002750 0.002500, 0.027500 0.005750 0.002000, 0.027500 0.005750 0.002500, 0.028500 0.002750 0.002000,
 0.028500 0.002750 0.002500, 0.028500 0.005750 0.002000, 0.028500 0.005750 0.002500
]
}
IndexedFaceSet {
coordIndex [
 5, 1, 4, -1, 4, 1, 0, -1, 7, 5, 6, -1,
 6, 5, 4, -1, 3, 7, 2, -1, 2, 7, 6, -1,
 1, 3, 0, -1, 0, 3, 2, -1, 7, 3, 5, -1,
 5, 3, 1, -1, 2, 6, 0, -1, 0, 6, 4, -1
]
materialIndex [
 0, 0, 0, 0, 0, 0,
 0, 0, 0, 0, 0, 0,
]
}
}
Separator {
MaterialBinding {
value PER_FACE_INDEXED
}
Material {
ambientColor [
 1.000000 1.000000 1.000000
]
diffuseColor [
 1.000000 1.000000 1.000000
]
emissiveColor [
 0.000000 0.000000 0.000000
]
specularColor [
 0.900000 0.900000 0.900000
]
shininess [
 0.312500
]
transparency [
 0.600000
]
}
Coordinate3 {
point [
 0.021000 -0.003000 0.002000, 0.021000 -0.003000 0.002500, 0.021000 -0.002000 0.002000, 0.021000 -0.002000 0.002500, 0.024000 -0.003000 0.002000,
 0.024000 -0.003000 0.002500, 0.024000 -0.002000 0.002000, 0.024000 -0.002000 0.002500
]
}
IndexedFaceSet {
coordIndex [
 5, 1, 4, -1, 4, 1, 0, -1, 7, 5, 6, -1,
 6, 5, 4, -1, 3, 7, 2, -1, 2, 7, 6, -1,
 1, 3, 0, -1, 0, 3, 2, -1, 7, 3, 5, -1,
 5, 3, 1, -1, 2, 6, 0, -1, 0, 6, 4, -1
]
materialIndex [
 0, 0, 0, 0, 0, 0,
 0, 0, 0, 0, 0, 0,
]
}
}
Separator {
MaterialBinding {
value PER_FACE_INDEXED
}
Material {
ambientColor [
 1.000000 1.000000 1.000000
]
diffuseColor [
 1.000000 1.000000 1.000000
]
emissiveColor [
 0.000000 0.000000 0.000000
]
specularColor [
 0.900000 0.900000 0.900000
]
shininess [
 0.312500
]
transparency [
 0.600000
]
}
Coordinate3 {
point [
 0.036000 0.001500 0.002000, 0.036000 0.001500 0.002500, 0.036000 0.002500 0.002000, 0.036000 0.002500 0.002500, 0.039000 0.001500 0.002000,
 0.039000 0.001500 0.002500, 0.039000 0.002500 0.002000, 0.039000 0.002500 0.002500
]
}
IndexedFaceSet {
coordIndex [
 5, 1, 4, -1, 4, 1, 0, -1, 7, 5, 6, -1,
 6, 5, 4, -1, 3, 7, 2, -1, 2, 7, 6, -1,
 1, 3, 0, -1, 0, 3, 2, -1, 7, 3, 5, -1,
 5, 3, 1, -1, 2, 6, 0, -1, 0, 6, 4, -1
]
materialIndex [
 0, 0, 0, 0, 0, 0,
 0, 0, 0, 0, 0, 0,
]
}
}
Separator {
MaterialBinding {
value PER_FACE_INDEXED
}
Material {
ambientColor [
 1.000000 1.000000 1.000000
]
diffuseColor [
 1.000000 1.000000 1.000000
]
emissiveColor [
 0.000000 0.000000 0.000000
]
specularColor [
 0.900000 0.900000 0.900000
]
shininess [
 0.312500
]
transparency [
 0.600000
]
}
Coordinate3 {
point [
 0.039000 0.002750 0.002000, 0.039000 0.002750 0.002500, 0.039000 0.005750 0.002000, 0.039000 0.005750 0.002500, 0.040000 0.002750 0.002000,
 0.040000 0.002750 0.002500, 0.040000 0.005750 0.002000, 0.040000 0.005750 0.002500
]
}
IndexedFaceSet {
coordIndex [
 5, 1, 4, -1, 4, 1, 0, -1, 7, 5, 6, -1,
 6, 5, 4, -1, 3, 7, 2, -1, 2, 7, 6, -1,
 1, 3, 0, -1, 0, 3, 2, -1, 7, 3, 5, -1,
 5, 3, 1, -1, 2, 6, 0, -1, 0, 6, 4, -1
]
materialIndex [
 0, 0, 0, 0, 0, 0,
 0, 0, 0, 0, 0, 0,
]
}
}
Separator {
MaterialBinding {
value PER_FACE_INDEXED
}
Material {
ambientColor [
 1.000000 1.000000 1.000000
]
diffuseColor [
 1.000000 1.000000 1.000000
]
emissiveColor [
 0.000000 0.000000 0.000000
]
specularColor [
 0.900000 0.900000 0.900000
]
shininess [
 0.312500
]
transparency [
 0.600000
]
}
Coordinate3 {
point [
 0.039000 -0.001750 0.002000, 0.039000 -0.001750 0.002500, 0.039000 0.001250 0.002000, 0.039000 0.001250 0.002500, 0.040000 -0.001750 0.002000,
 0.040000 -0.001750 0.002500, 0.040000 0.001250 0.002000, 0.040000 0.001250 0.002500
]
}
IndexedFaceSet {
coordIndex [
 5, 1, 4, -1, 4, 1, 0, -1, 7, 5, 6, -1,
 6, 5, 4, -1, 3, 7, 2, -1, 2, 7, 6, -1,
 1, 3, 0, -1, 0, 3, 2, -1, 7, 3, 5, -1,
 5, 3, 1, -1, 2, 6, 0, -1, 0, 6, 4, -1
]
materialIndex [
 0, 0, 0, 0, 0, 0,
 0, 0, 0, 0, 0, 0,
]
}
}
Separator {
MaterialBinding {
value PER_FACE_INDEXED
}
Material {
ambientColor [
 1.000000 1.000000 1.000000
]
diffuseColor [
 1.000000 1.000000 1.000000
]
emissiveColor [
 0.000000 0.000000 0.000000
]
specularColor [
 0.900000 0.900000 0.900000
]
shininess [
 0.312500
]
transparency [
 0.600000
]
}
Coordinate3 {
point [
 0.035000 -0.001750 0.002000, 0.035000 -0.001750 0.002500, 0.035000 0.001250 0.002000, 0.035000 0.001250 0.002500, 0.036000 -0.001750 0.002000,
 0.036000 -0.001750 0.002500, 0.036000 0.001250 0.002000, 0.036000 0.001250 0.002500
]
}
IndexedFaceSet {
coordIndex [
 5, 1, 4, -1, 4, 1, 0, -1, 7, 5, 6, -1,
 6, 5, 4, -1, 3, 7, 2, -1, 2, 7, 6, -1,
 1, 3, 0, -1, 0, 3, 2, -1, 7, 3, 5, -1,
 5, 3, 1, -1, 2, 6, 0, -1, 0, 6, 4, -1
]
materialIndex [
 0, 0, 0, 0, 0, 0,
 0, 0, 0, 0, 0, 0,
]
}
}
Separator {
MaterialBinding {
value PER_FACE_INDEXED
}
Material {
ambientColor [
 1.000000 1.000000 1.000000
]
diffuseColor [
 1.000000 1.000000 1.000000
]
emissiveColor [
 0.000000 0.000000 0.000000
]
specularColor [
 0.900000 0.900000 0.900000
]
shininess [
 0.312500
]
transparency [
 0.600000
]
}
Coordinate3 {
point [
 0.028500 -0.003000 0.002000, 0.028500 -0.003000 0.002500, 0.028500 -0.002000 0.002000, 0.028500 -0.002000 0.002500, 0.031500 -0.003000 0.002000,
 0.031500 -0.003000 0.002500, 0.031500 -0.002000 0.002000, 0.031500 -0.002000 0.002500
]
}
IndexedFaceSet {
coordIndex [
 5, 1, 4, -1, 4, 1, 0, -1, 7, 5, 6, -1,
 6, 5, 4, -1, 3, 7, 2, -1, 2, 7, 6, -1,
 1, 3, 0, -1, 0, 3, 2, -1, 7, 3, 5, -1,
 5, 3, 1, -1, 2, 6, 0, -1, 0, 6, 4, -1
]
materialIndex [
 0, 0, 0, 0, 0, 0,
 0, 0, 0, 0, 0, 0,
]
}
}
Separator {
MaterialBinding {
value PER_FACE_INDEXED
}
Material {
ambientColor [
 1.000000 1.000000 1.000000
]
diffuseColor [
 1.000000 1.000000 1.000000
]
emissiveColor [
 0.000000 0.000000 0.000000
]
specularColor [
 0.900000 0.900000 0.900000
]
shininess [
 0.312500
]
transparency [
 0.600000
]
}
Coordinate3 {
point [
 0.031500 -0.001750 0.002000, 0.031500 -0.001750 0.002500, 0.031500 0.001250 0.002000, 0.031500 0.001250 0.002500, 0.032500 -0.001750 0.002000,
 0.032500 -0.001750 0.002500, 0.032500 0.001250 0.002000, 0.032500 0.001250 0.002500
]
}
IndexedFaceSet {
coordIndex [
 5, 1, 4, -1, 4, 1, 0, -1, 7, 5, 6, -1,
 6, 5, 4, -1, 3, 7, 2, -1, 2, 7, 6, -1,
 1, 3, 0, -1, 0, 3, 2, -1, 7, 3, 5, -1,
 5, 3, 1, -1, 2, 6, 0, -1, 0, 6, 4, -1
]
materialIndex [
 0, 0, 0, 0, 0, 0,
 0, 0, 0, 0, 0, 0,
]
}
}
Separator {
MaterialBinding {
value PER_FACE_INDEXED
}
Material {
ambientColor [
 1.000000 1.000000 1.000000
]
diffuseColor [
 1.000000 1.000000 1.000000
]
emissiveColor [
 0.000000 0.000000 0.000000
]
specularColor [
 0.900000 0.900000 0.900000
]
shininess [
 0.312500
]
transparency [
 0.600000
]
}
Coordinate3 {
point [
 0.036000 0.006000 0.002000, 0.036000 0.006000 0.002500, 0.036000 0.007000 0.002000, 0.036000 0.007000 0.002500, 0.039000 0.006000 0.002000,
 0.039000 0.006000 0.002500, 0.039000 0.007000 0.002000, 0.039000 0.007000 0.002500
]
}
IndexedFaceSet {
coordIndex [
 5, 1, 4, -1, 4, 1, 0, -1, 7, 5, 6, -1,
 6, 5, 4, -1, 3, 7, 2, -1, 2, 7, 6, -1,
 1, 3, 0, -1, 0, 3, 2, -1, 7, 3, 5, -1,
 5, 3, 1, -1, 2, 6, 0, -1, 0, 6, 4, -1
]
materialIndex [
 0, 0, 0, 0, 0, 0,
 0, 0, 0, 0, 0, 0,
]
}
}
Separator {
MaterialBinding {
value PER_FACE_INDEXED
}
Material {
ambientColor [
 1.000000 1.000000 1.000000
]
diffuseColor [
 1.000000 1.000000 1.000000
]
emissiveColor [
 0.000000 0.000000 0.000000
]
specularColor [
 0.900000 0.900000 0.900000
]
shininess [
 0.312500
]
transparency [
 0.600000
]
}
Coordinate3 {
point [
 0.035000 0.002750 0.002000, 0.035000 0.002750 0.002500, 0.035000 0.005750 0.002000, 0.035000 0.005750 0.002500, 0.036000 0.002750 0.002000,
 0.036000 0.002750 0.002500, 0.036000 0.005750 0.002000, 0.036000 0.005750 0.002500
]
}
IndexedFaceSet {
coordIndex [
 5, 1, 4, -1, 4, 1, 0, -1, 7, 5, 6, -1,
 6, 5, 4, -1, 3, 7, 2, -1, 2, 7, 6, -1,
 1, 3, 0, -1, 0, 3, 2, -1, 7, 3, 5, -1,
 5, 3, 1, -1, 2, 6, 0, -1, 0, 6, 4, -1
]
materialIndex [
 0, 0, 0, 0, 0, 0,
 0, 0, 0, 0, 0, 0,
]
}
}
Separator {
MaterialBinding {
value PER_FACE_INDEXED
}
Material {
ambientColor [
 1.000000 1.000000 1.000000
]
diffuseColor [
 1.000000 1.000000 1.000000
]
emissiveColor [
 0.000000 0.000000 0.000000
]
specularColor [
 0.900000 0.900000 0.900000
]
shininess [
 0.312500
]
transparency [
 0.600000
]
}
Coordinate3 {
point [
 0.012500 0.002750 0.002000, 0.012500 0.002750 0.002500, 0.012500 0.005750 0.002000, 0.012500 0.005750 0.002500, 0.013500 0.002750 0.002000,
 0.013500 0.002750 0.002500, 0.013500 0.005750 0.002000, 0.013500 0.005750 0.002500
]
}
IndexedFaceSet {
coordIndex [
 5, 1, 4, -1, 4, 1, 0, -1, 7, 5, 6, -1,
 6, 5, 4, -1, 3, 7, 2, -1, 2, 7, 6, -1,
 1, 3, 0, -1, 0, 3, 2, -1, 7, 3, 5, -1,
 5, 3, 1, -1, 2, 6, 0, -1, 0, 6, 4, -1
]
materialIndex [
 0, 0, 0, 0, 0, 0,
 0, 0, 0, 0, 0, 0,
]
}
}
Separator {
MaterialBinding {
value PER_FACE_INDEXED
}
Material {
ambientColor [
 1.000000 1.000000 1.000000
]
diffuseColor [
 1.000000 1.000000 1.000000
]
emissiveColor [
 0.000000 0.000000 0.000000
]
specularColor [
 0.900000 0.900000 0.900000
]
shininess [
 0.312500
]
transparency [
 0.600000
]
}
Coordinate3 {
point [
 0.006000 -0.003000 0.002000, 0.006000 -0.003000 0.002500, 0.006000 -0.002000 0.002000, 0.006000 -0.002000 0.002500, 0.009000 -0.003000 0.002000,
 0.009000 -0.003000 0.002500, 0.009000 -0.002000 0.002000, 0.009000 -0.002000 0.002500
]
}
IndexedFaceSet {
coordIndex [
 5, 1, 4, -1, 4, 1, 0, -1, 7, 5, 6, -1,
 6, 5, 4, -1, 3, 7, 2, -1, 2, 7, 6, -1,
 1, 3, 0, -1, 0, 3, 2, -1, 7, 3, 5, -1,
 5, 3, 1, -1, 2, 6, 0, -1, 0, 6, 4, -1
]
materialIndex [
 0, 0, 0, 0, 0, 0,
 0, 0, 0, 0, 0, 0,
]
}
}
Separator {
MaterialBinding {
value PER_FACE_INDEXED
}
Material {
ambientColor [
 1.000000 1.000000 1.000000
]
diffuseColor [
 1.000000 1.000000 1.000000
]
emissiveColor [
 0.000000 0.000000 0.000000
]
specularColor [
 0.900000 0.900000 0.900000
]
shininess [
 0.312500
]
transparency [
 0.600000
]
}
Coordinate3 {
point [
 0.016500 0.002750 0.002000, 0.016500 0.002750 0.002500, 0.016500 0.005750 0.002000, 0.016500 0.005750 0.002500, 0.017500 0.002750 0.002000,
 0.017500 0.002750 0.002500, 0.017500 0.005750 0.002000, 0.017500 0.005750 0.002500
]
}
IndexedFaceSet {
coordIndex [
 5, 1, 4, -1, 4, 1, 0, -1, 7, 5, 6, -1,
 6, 5, 4, -1, 3, 7, 2, -1, 2, 7, 6, -1,
 1, 3, 0, -1, 0, 3, 2, -1, 7, 3, 5, -1,
 5, 3, 1, -1, 2, 6, 0, -1, 0, 6, 4, -1
]
materialIndex [
 0, 0, 0, 0, 0, 0,
 0, 0, 0, 0, 0, 0,
]
}
}
Separator {
MaterialBinding {
value PER_FACE_INDEXED
}
Material {
ambientColor [
 1.000000 1.000000 1.000000
]
diffuseColor [
 1.000000 1.000000 1.000000
]
emissiveColor [
 0.000000 0.000000 0.000000
]
specularColor [
 0.900000 0.900000 0.900000
]
shininess [
 0.312500
]
transparency [
 0.600000
]
}
Coordinate3 {
point [
 0.013500 0.006000 0.002000, 0.013500 0.006000 0.002500, 0.013500 0.007000 0.002000, 0.013500 0.007000 0.002500, 0.016500 0.006000 0.002000,
 0.016500 0.006000 0.002500, 0.016500 0.007000 0.002000, 0.016500 0.007000 0.002500
]
}
IndexedFaceSet {
coordIndex [
 5, 1, 4, -1, 4, 1, 0, -1, 7, 5, 6, -1,
 6, 5, 4, -1, 3, 7, 2, -1, 2, 7, 6, -1,
 1, 3, 0, -1, 0, 3, 2, -1, 7, 3, 5, -1,
 5, 3, 1, -1, 2, 6, 0, -1, 0, 6, 4, -1
]
materialIndex [
 0, 0, 0, 0, 0, 0,
 0, 0, 0, 0, 0, 0,
]
}
}
Separator {
MaterialBinding {
value PER_FACE_INDEXED
}
Material {
ambientColor [
 1.000000 1.000000 1.000000
]
diffuseColor [
 1.000000 1.000000 1.000000
]
emissiveColor [
 0.000000 0.000000 0.000000
]
specularColor [
 0.900000 0.900000 0.900000
]
shininess [
 0.312500
]
transparency [
 0.600000
]
}
Coordinate3 {
point [
 0.006000 0.001500 0.002000, 0.006000 0.001500 0.002500, 0.006000 0.002500 0.002000, 0.006000 0.002500 0.002500, 0.009000 0.001500 0.002000,
 0.009000 0.001500 0.002500, 0.009000 0.002500 0.002000, 0.009000 0.002500 0.002500
]
}
IndexedFaceSet {
coordIndex [
 5, 1, 4, -1, 4, 1, 0, -1, 7, 5, 6, -1,
 6, 5, 4, -1, 3, 7, 2, -1, 2, 7, 6, -1,
 1, 3, 0, -1, 0, 3, 2, -1, 7, 3, 5, -1,
 5, 3, 1, -1, 2, 6, 0, -1, 0, 6, 4, -1
]
materialIndex [
 0, 0, 0, 0, 0, 0,
 0, 0, 0, 0, 0, 0,
]
}
}
Separator {
MaterialBinding {
value PER_FACE_INDEXED
}
Material {
ambientColor [
 1.000000 1.000000 1.000000
]
diffuseColor [
 1.000000 1.000000 1.000000
]
emissiveColor [
 0.000000 0.000000 0.000000
]
specularColor [
 0.900000 0.900000 0.900000
]
shininess [
 0.312500
]
transparency [
 0.600000
]
}
Coordinate3 {
point [
 0.009000 0.002750 0.002000, 0.009000 0.002750 0.002500, 0.009000 0.005750 0.002000, 0.009000 0.005750 0.002500, 0.010000 0.002750 0.002000,
 0.010000 0.002750 0.002500, 0.010000 0.005750 0.002000, 0.010000 0.005750 0.002500
]
}
IndexedFaceSet {
coordIndex [
 5, 1, 4, -1, 4, 1, 0, -1, 7, 5, 6, -1,
 6, 5, 4, -1, 3, 7, 2, -1, 2, 7, 6, -1,
 1, 3, 0, -1, 0, 3, 2, -1, 7, 3, 5, -1,
 5, 3, 1, -1, 2, 6, 0, -1, 0, 6, 4, -1
]
materialIndex [
 0, 0, 0, 0, 0, 0,
 0, 0, 0, 0, 0, 0,
]
}
}
Separator {
MaterialBinding {
value PER_FACE_INDEXED
}
Material {
ambientColor [
 1.000000 1.000000 1.000000
]
diffuseColor [
 1.000000 1.000000 1.000000
]
emissiveColor [
 0.000000 0.000000 0.000000
]
specularColor [
 0.900000 0.900000 0.900000
]
shininess [
 0.312500
]
transparency [
 0.600000
]
}
Coordinate3 {
point [
 0.009000 -0.001750 0.002000, 0.009000 -0.001750 0.002500, 0.009000 0.001250 0.002000, 0.009000 0.001250 0.002500, 0.010000 -0.001750 0.002000,
 0.010000 -0.001750 0.002500, 0.010000 0.001250 0.002000, 0.010000 0.001250 0.002500
]
}
IndexedFaceSet {
coordIndex [
 5, 1, 4, -1, 4, 1, 0, -1, 7, 5, 6, -1,
 6, 5, 4, -1, 3, 7, 2, -1, 2, 7, 6, -1,
 1, 3, 0, -1, 0, 3, 2, -1, 7, 3, 5, -1,
 5, 3, 1, -1, 2, 6, 0, -1, 0, 6, 4, -1
]
materialIndex [
 0, 0, 0, 0, 0, 0,
 0, 0, 0, 0, 0, 0,
]
}
}
Separator {
MaterialBinding {
value PER_FACE_INDEXED
}
Material {
ambientColor [
 1.000000 1.000000 1.000000
]
diffuseColor [
 1.000000 1.000000 1.000000
]
emissiveColor [
 0.000000 0.000000 0.000000
]
specularColor [
 0.900000 0.900000 0.900000
]
shininess [
 0.312500
]
transparency [
 0.600000
]
}
Coordinate3 {
point [
 0.005000 -0.001750 0.002000, 0.005000 -0.001750 0.002500, 0.005000 0.001250 0.002000, 0.005000 0.001250 0.002500, 0.006000 -0.001750 0.002000,
 0.006000 -0.001750 0.002500, 0.006000 0.001250 0.002000, 0.006000 0.001250 0.002500
]
}
IndexedFaceSet {
coordIndex [
 5, 1, 4, -1, 4, 1, 0, -1, 7, 5, 6, -1,
 6, 5, 4, -1, 3, 7, 2, -1, 2, 7, 6, -1,
 1, 3, 0, -1, 0, 3, 2, -1, 7, 3, 5, -1,
 5, 3, 1, -1, 2, 6, 0, -1, 0, 6, 4, -1
]
materialIndex [
 0, 0, 0, 0, 0, 0,
 0, 0, 0, 0, 0, 0,
]
}
}
Separator {
MaterialBinding {
value PER_FACE_INDEXED
}
Material {
ambientColor [
 1.000000 1.000000 1.000000
]
diffuseColor [
 1.000000 1.000000 1.000000
]
emissiveColor [
 0.000000 0.000000 0.000000
]
specularColor [
 0.900000 0.900000 0.900000
]
shininess [
 0.312500
]
transparency [
 0.600000
]
}
Coordinate3 {
point [
 0.021000 0.006000 0.002000, 0.021000 0.006000 0.002500, 0.021000 0.007000 0.002000, 0.021000 0.007000 0.002500, 0.024000 0.006000 0.002000,
 0.024000 0.006000 0.002500, 0.024000 0.007000 0.002000, 0.024000 0.007000 0.002500
]
}
IndexedFaceSet {
coordIndex [
 5, 1, 4, -1, 4, 1, 0, -1, 7, 5, 6, -1,
 6, 5, 4, -1, 3, 7, 2, -1, 2, 7, 6, -1,
 1, 3, 0, -1, 0, 3, 2, -1, 7, 3, 5, -1,
 5, 3, 1, -1, 2, 6, 0, -1, 0, 6, 4, -1
]
materialIndex [
 0, 0, 0, 0, 0, 0,
 0, 0, 0, 0, 0, 0,
]
}
}
Separator {
MaterialBinding {
value PER_FACE_INDEXED
}
Material {
ambientColor [
 1.000000 1.000000 1.000000
]
diffuseColor [
 1.000000 1.000000 1.000000
]
emissiveColor [
 0.000000 0.000000 0.000000
]
specularColor [
 0.900000 0.900000 0.900000
]
shininess [
 0.312500
]
transparency [
 0.600000
]
}
Coordinate3 {
point [
 0.020000 0.002750 0.002000, 0.020000 0.002750 0.002500, 0.020000 0.005750 0.002000, 0.020000 0.005750 0.002500, 0.021000 0.002750 0.002000,
 0.021000 0.002750 0.002500, 0.021000 0.005750 0.002000, 0.021000 0.005750 0.002500
]
}
IndexedFaceSet {
coordIndex [
 5, 1, 4, -1, 4, 1, 0, -1, 7, 5, 6, -1,
 6, 5, 4, -1, 3, 7, 2, -1, 2, 7, 6, -1,
 1, 3, 0, -1, 0, 3, 2, -1, 7, 3, 5, -1,
 5, 3, 1, -1, 2, 6, 0, -1, 0, 6, 4, -1
]
materialIndex [
 0, 0, 0, 0, 0, 0,
 0, 0, 0, 0, 0, 0,
]
}
}
Separator {
MaterialBinding {
value PER_FACE_INDEXED
}
Material {
ambientColor [
 1.000000 1.000000 1.000000
]
diffuseColor [
 1.000000 1.000000 1.000000
]
emissiveColor [
 0.000000 0.000000 0.000000
]
specularColor [
 0.900000 0.900000 0.900000
]
shininess [
 0.312500
]
transparency [
 0.600000
]
}
Coordinate3 {
point [
 0.021000 0.001500 0.002000, 0.021000 0.001500 0.002500, 0.021000 0.002500 0.002000, 0.021000 0.002500 0.002500, 0.024000 0.001500 0.002000,
 0.024000 0.001500 0.002500, 0.024000 0.002500 0.002000, 0.024000 0.002500 0.002500
]
}
IndexedFaceSet {
coordIndex [
 5, 1, 4, -1, 4, 1, 0, -1, 7, 5, 6, -1,
 6, 5, 4, -1, 3, 7, 2, -1, 2, 7, 6, -1,
 1, 3, 0, -1, 0, 3, 2, -1, 7, 3, 5, -1,
 5, 3, 1, -1, 2, 6, 0, -1, 0, 6, 4, -1
]
materialIndex [
 0, 0, 0, 0, 0, 0,
 0, 0, 0, 0, 0, 0,
]
}
}
Separator {
MaterialBinding {
value PER_FACE_INDEXED
}
Material {
ambientColor [
 1.000000 1.000000 1.000000
]
diffuseColor [
 1.000000 1.000000 1.000000
]
emissiveColor [
 0.000000 0.000000 0.000000
]
specularColor [
 0.900000 0.900000 0.900000
]
shininess [
 0.312500
]
transparency [
 0.600000
]
}
Coordinate3 {
point [
 0.024000 0.002750 0.002000, 0.024000 0.002750 0.002500, 0.024000 0.005750 0.002000, 0.024000 0.005750 0.002500, 0.025000 0.002750 0.002000,
 0.025000 0.002750 0.002500, 0.025000 0.005750 0.002000, 0.025000 0.005750 0.002500
]
}
IndexedFaceSet {
coordIndex [
 5, 1, 4, -1, 4, 1, 0, -1, 7, 5, 6, -1,
 6, 5, 4, -1, 3, 7, 2, -1, 2, 7, 6, -1,
 1, 3, 0, -1, 0, 3, 2, -1, 7, 3, 5, -1,
 5, 3, 1, -1, 2, 6, 0, -1, 0, 6, 4, -1
]
materialIndex [
 0, 0, 0, 0, 0, 0,
 0, 0, 0, 0, 0, 0,
]
}
}
Separator {
MaterialBinding {
value PER_FACE_INDEXED
}
Material {
ambientColor [
 1.000000 1.000000 1.000000
]
diffuseColor [
 1.000000 1.000000 1.000000
]
emissiveColor [
 0.000000 0.000000 0.000000
]
specularColor [
 0.900000 0.900000 0.900000
]
shininess [
 0.312500
]
transparency [
 0.600000
]
}
Coordinate3 {
point [
 0.012500 -0.001750 0.002000, 0.012500 -0.001750 0.002500, 0.012500 0.001250 0.002000, 0.012500 0.001250 0.002500, 0.013500 -0.001750 0.002000,
 0.013500 -0.001750 0.002500, 0.013500 0.001250 0.002000, 0.013500 0.001250 0.002500
]
}
IndexedFaceSet {
coordIndex [
 5, 1, 4, -1, 4, 1, 0, -1, 7, 5, 6, -1,
 6, 5, 4, -1, 3, 7, 2, -1, 2, 7, 6, -1,
 1, 3, 0, -1, 0, 3, 2, -1, 7, 3, 5, -1,
 5, 3, 1, -1, 2, 6, 0, -1, 0, 6, 4, -1
]
materialIndex [
 0, 0, 0, 0, 0, 0,
 0, 0, 0, 0, 0, 0,
]
}
}
Separator {
MaterialBinding {
value PER_FACE_INDEXED
}
Material {
ambientColor [
 1.000000 1.000000 1.000000
]
diffuseColor [
 1.000000 1.000000 1.000000
]
emissiveColor [
 0.000000 0.000000 0.000000
]
specularColor [
 0.900000 0.900000 0.900000
]
shininess [
 0.312500
]
transparency [
 0.600000
]
}
Coordinate3 {
point [
 0.013500 0.001500 0.002000, 0.013500 0.001500 0.002500, 0.013500 0.002500 0.002000, 0.013500 0.002500 0.002500, 0.016500 0.001500 0.002000,
 0.016500 0.001500 0.002500, 0.016500 0.002500 0.002000, 0.016500 0.002500 0.002500
]
}
IndexedFaceSet {
coordIndex [
 5, 1, 4, -1, 4, 1, 0, -1, 7, 5, 6, -1,
 6, 5, 4, -1, 3, 7, 2, -1, 2, 7, 6, -1,
 1, 3, 0, -1, 0, 3, 2, -1, 7, 3, 5, -1,
 5, 3, 1, -1, 2, 6, 0, -1, 0, 6, 4, -1
]
materialIndex [
 0, 0, 0, 0, 0, 0,
 0, 0, 0, 0, 0, 0,
]
}
}
Separator {
MaterialBinding {
value PER_FACE_INDEXED
}
Material {
ambientColor [
 1.000000 1.000000 1.000000
]
diffuseColor [
 1.000000 1.000000 1.000000
]
emissiveColor [
 0.000000 0.000000 0.000000
]
specularColor [
 0.900000 0.900000 0.900000
]
shininess [
 0.312500
]
transparency [
 0.600000
]
}
Coordinate3 {
point [
 0.013500 -0.003000 0.002000, 0.013500 -0.003000 0.002500, 0.013500 -0.002000 0.002000, 0.013500 -0.002000 0.002500, 0.016500 -0.003000 0.002000,
 0.016500 -0.003000 0.002500, 0.016500 -0.002000 0.002000, 0.016500 -0.002000 0.002500
]
}
IndexedFaceSet {
coordIndex [
 5, 1, 4, -1, 4, 1, 0, -1, 7, 5, 6, -1,
 6, 5, 4, -1, 3, 7, 2, -1, 2, 7, 6, -1,
 1, 3, 0, -1, 0, 3, 2, -1, 7, 3, 5, -1,
 5, 3, 1, -1, 2, 6, 0, -1, 0, 6, 4, -1
]
materialIndex [
 0, 0, 0, 0, 0, 0,
 0, 0, 0, 0, 0, 0,
]
}
}
Separator {
MaterialBinding {
value PER_FACE_INDEXED
}
Material {
ambientColor [
 1.000000 1.000000 1.000000
]
diffuseColor [
 1.000000 1.000000 1.000000
]
emissiveColor [
 0.000000 0.000000 0.000000
]
specularColor [
 0.900000 0.900000 0.900000
]
shininess [
 0.312500
]
transparency [
 0.600000
]
}
Coordinate3 {
point [
 0.016500 -0.001750 0.002000, 0.016500 -0.001750 0.002500, 0.016500 0.001250 0.002000, 0.016500 0.001250 0.002500, 0.017500 -0.001750 0.002000,
 0.017500 -0.001750 0.002500, 0.017500 0.001250 0.002000, 0.017500 0.001250 0.002500
]
}
IndexedFaceSet {
coordIndex [
 5, 1, 4, -1, 4, 1, 0, -1, 7, 5, 6, -1,
 6, 5, 4, -1, 3, 7, 2, -1, 2, 7, 6, -1,
 1, 3, 0, -1, 0, 3, 2, -1, 7, 3, 5, -1,
 5, 3, 1, -1, 2, 6, 0, -1, 0, 6, 4, -1
]
materialIndex [
 0, 0, 0, 0, 0, 0,
 0, 0, 0, 0, 0, 0,
]
}
}
Separator {
MaterialBinding {
value PER_FACE_INDEXED
}
Material {
ambientColor [
 1.000000 1.000000 1.000000
]
diffuseColor [
 1.000000 1.000000 1.000000
]
emissiveColor [
 0.000000 0.000000 0.000000
]
specularColor [
 0.900000 0.900000 0.900000
]
shininess [
 0.312500
]
transparency [
 0.600000
]
}
Coordinate3 {
point [
 -0.046734 0.003088 0.002000, -0.046734 0.003088 0.002500, -0.046734 0.006575 0.002000, -0.046734 0.006575 0.002500, -0.046034 0.003088 0.002000,
 -0.046034 0.003088 0.002500, -0.046034 0.005605 0.002000, -0.046034 0.005605 0.002500, -0.046034 0.006575 0.002000, -0.046034 0.006575 0.002500,
 -0.045000 0.003903 0.002000, -0.045000 0.003903 0.002500, -0.045000 0.004873 0.002000, -0.045000 0.004873 0.002500, -0.043966 0.003088 0.002000,
 -0.043966 0.003088 0.002500, -0.043966 0.005605 0.002000, -0.043966 0.005605 0.002500, -0.043966 0.006575 0.002000, -0.043966 0.006575 0.002500,
 -0.043266 0.003088 0.002000, -0.043266 0.003088 0.002500, -0.043266 0.006575 0.002000, -0.043266 0.006575 0.002500
]
}
IndexedFaceSet {
coordIndex [
 7, 5, 6, -1, 6, 5, 4, -1, 11, 7, 10, -1,
 10, 7, 6, -1, 17, 11, 16, -1, 16, 11, 10, -1,
 15, 17, 14, -1, 14, 17, 16, -1, 21, 15, 20, -1,
 20, 15, 14, -1, 23, 21, 22, -1, 22, 21, 20, -1,
 19, 23, 18, -1, 18, 23, 22, -1, 13, 19, 12, -1,
 12, 19, 18, -1, 9, 13, 8, -1, 8, 13, 12, -1,
 3, 9, 2, -1, 2, 9, 8, -1, 1, 3, 0, -1,
 0, 3, 2, -1, 5, 1, 4, -1, 4, 1, 0, -1,
 17, 15, 21, -1, 1, 5, 3, -1, 3, 5, 7, -1,
 21, 23, 17, -1, 17, 23, 19, -1, 17, 19, 11, -1,
 11, 19, 13, -1, 11, 13, 7, -1, 7, 13, 9, -1,
 7, 9, 3, -1, 6, 4, 0, -1, 20, 14, 22, -1,
 22, 14, 16, -1, 0, 2, 6, -1, 6, 2, 8, -1,
 6, 8, 10, -1, 10, 8, 12, -1, 10, 12, 16, -1,
 16, 12, 18, -1, 16, 18, 22, -1
]
materialIndex [
 0, 0, 0, 0, 0, 0,
 0, 0, 0, 0, 0, 0,
 0, 0, 0, 0, 0, 0,
 0, 0, 0, 0, 0, 0,
 0, 0, 0, 0, 0, 0, 0, 0, 0, 0, 0, 0, 0, 0, 0, 0, 0, 0, 0, 0,
]
}
}
Separator {
MaterialBinding {
value PER_FACE_INDEXED
}
Material {
ambientColor [
 1.000000 1.000000 1.000000
]
diffuseColor [
 1.000000 1.000000 1.000000
]
emissiveColor [
 0.000000 0.000000 0.000000
]
specularColor [
 0.900000 0.900000 0.900000
]
shininess [
 0.312500
]
transparency [
 0.600000
]
}
Coordinate3 {
point [
 -0.047125 0.001616 0.002000, -0.047125 0.001616 0.002500, -0.047125 0.002316 0.002000, -0.047125 0.002316 0.002500, -0.042875 0.001616 0.002000,
 -0.042875 0.001616 0.002500, -0.042875 0.002316 0.002000, -0.042875 0.002316 0.002500
]
}
IndexedFaceSet {
coordIndex [
 7, 5, 6, -1, 6, 5, 4, -1, 3, 7, 2, -1,
 2, 7, 6, -1, 1, 3, 0, -1, 0, 3, 2, -1,
 5, 1, 4, -1, 4, 1, 0, -1, 3, 1, 7, -1,
 7, 1, 5, -1, 0, 2, 4, -1, 4, 2, 6, -1
]
materialIndex [
 0, 0, 0, 0, 0, 0,
 0, 0, 0, 0, 0, 0,
]
}
}
Separator {
MaterialBinding {
value PER_FACE_INDEXED
}
Material {
ambientColor [
 1.000000 1.000000 1.000000
]
diffuseColor [
 1.000000 1.000000 1.000000
]
emissiveColor [
 0.000000 0.000000 0.000000
]
specularColor [
 0.900000 0.900000 0.900000
]
shininess [
 0.312500
]
transparency [
 0.600000
]
}
Coordinate3 {
point [
 0.032654 -0.003490 0.002000, 0.032654 -0.003490 0.002500, 0.033092 -0.003657 0.002000, 0.033092 -0.003657 0.002500, 0.033095 -0.002333 0.002000,
 0.033095 -0.002333 0.002500, 0.033533 -0.002500 0.002000, 0.033533 -0.002500 0.002500
]
}
IndexedFaceSet {
coordIndex [
 5, 7, 4, -1, 4, 7, 6, -1, 1, 5, 0, -1,
 0, 5, 4, -1, 3, 1, 2, -1, 2, 1, 0, -1,
 7, 3, 6, -1, 6, 3, 2, -1, 1, 3, 5, -1,
 5, 3, 7, -1, 2, 0, 6, -1, 6, 0, 4, -1
]
materialIndex [
 0, 0, 0, 0, 0, 0,
 0, 0, 0, 0, 0, 0,
]
}
}
Separator {
MaterialBinding {
value PER_FACE_INDEXED
}
Material {
ambientColor [
 1.000000 1.000000 1.000000
]
diffuseColor [
 1.000000 1.000000 1.000000
]
emissiveColor [
 0.000000 0.000000 0.000000
]
specularColor [
 0.900000 0.900000 0.900000
]
shininess [
 0.312500
]
transparency [
 0.600000
]
}
Coordinate3 {
point [
 0.025154 -0.003490 0.002000, 0.025154 -0.003490 0.002500, 0.025592 -0.003657 0.002000, 0.025592 -0.003657 0.002500, 0.025595 -0.002333 0.002000,
 0.025595 -0.002333 0.002500, 0.026033 -0.002500 0.002000, 0.026033 -0.002500 0.002500
]
}
IndexedFaceSet {
coordIndex [
 5, 7, 4, -1, 4, 7, 6, -1, 1, 5, 0, -1,
 0, 5, 4, -1, 3, 1, 2, -1, 2, 1, 0, -1,
 7, 3, 6, -1, 6, 3, 2, -1, 1, 3, 5, -1,
 5, 3, 7, -1, 2, 0, 6, -1, 6, 0, 4, -1
]
materialIndex [
 0, 0, 0, 0, 0, 0,
 0, 0, 0, 0, 0, 0,
]
}
}
Separator {
MaterialBinding {
value PER_FACE_INDEXED
}
Material {
ambientColor [
 1.000000 1.000000 1.000000
]
diffuseColor [
 1.000000 1.000000 1.000000
]
emissiveColor [
 0.000000 0.000000 0.000000
]
specularColor [
 0.900000 0.900000 0.900000
]
shininess [
 0.312500
]
transparency [
 0.600000
]
}
Coordinate3 {
point [
 0.047654 -0.003490 0.002000, 0.047654 -0.003490 0.002500, 0.048092 -0.003657 0.002000, 0.048092 -0.003657 0.002500, 0.048095 -0.002333 0.002000,
 0.048095 -0.002333 0.002500, 0.048533 -0.002500 0.002000, 0.048533 -0.002500 0.002500
]
}
IndexedFaceSet {
coordIndex [
 5, 7, 4, -1, 4, 7, 6, -1, 1, 5, 0, -1,
 0, 5, 4, -1, 3, 1, 2, -1, 2, 1, 0, -1,
 7, 3, 6, -1, 6, 3, 2, -1, 1, 3, 5, -1,
 5, 3, 7, -1, 2, 0, 6, -1, 6, 0, 4, -1
]
materialIndex [
 0, 0, 0, 0, 0, 0,
 0, 0, 0, 0, 0, 0,
]
}
}
Separator {
MaterialBinding {
value PER_FACE_INDEXED
}
Material {
ambientColor [
 1.000000 1.000000 1.000000
]
diffuseColor [
 1.000000 1.000000 1.000000
]
emissiveColor [
 0.000000 0.000000 0.000000
]
specularColor [
 0.900000 0.900000 0.900000
]
shininess [
 0.312500
]
transparency [
 0.600000
]
}
Coordinate3 {
point [
 0.040154 -0.003490 0.002000, 0.040154 -0.003490 0.002500, 0.040592 -0.003657 0.002000, 0.040592 -0.003657 0.002500, 0.040595 -0.002333 0.002000,
 0.040595 -0.002333 0.002500, 0.041033 -0.002500 0.002000, 0.041033 -0.002500 0.002500
]
}
IndexedFaceSet {
coordIndex [
 5, 7, 4, -1, 4, 7, 6, -1, 1, 5, 0, -1,
 0, 5, 4, -1, 3, 1, 2, -1, 2, 1, 0, -1,
 7, 3, 6, -1, 6, 3, 2, -1, 1, 3, 5, -1,
 5, 3, 7, -1, 2, 0, 6, -1, 6, 0, 4, -1
]
materialIndex [
 0, 0, 0, 0, 0, 0,
 0, 0, 0, 0, 0, 0,
]
}
}
Separator {
MaterialBinding {
value PER_FACE_INDEXED
}
Material {
ambientColor [
 1.000000 1.000000 1.000000
]
diffuseColor [
 1.000000 1.000000 1.000000
]
emissiveColor [
 0.000000 0.000000 0.000000
]
specularColor [
 0.900000 0.900000 0.900000
]
shininess [
 0.312500
]
transparency [
 0.600000
]
}
Coordinate3 {
point [
 0.042500 -0.001750 0.002000, 0.042500 -0.001750 0.002500, 0.042500 0.001250 0.002000, 0.042500 0.001250 0.002500, 0.043500 -0.001750 0.002000,
 0.043500 -0.001750 0.002500, 0.043500 0.001250 0.002000, 0.043500 0.001250 0.002500
]
}
IndexedFaceSet {
coordIndex [
 5, 1, 4, -1, 4, 1, 0, -1, 7, 5, 6, -1,
 6, 5, 4, -1, 3, 7, 2, -1, 2, 7, 6, -1,
 1, 3, 0, -1, 0, 3, 2, -1, 7, 3, 5, -1,
 5, 3, 1, -1, 2, 6, 0, -1, 0, 6, 4, -1
]
materialIndex [
 0, 0, 0, 0, 0, 0,
 0, 0, 0, 0, 0, 0,
]
}
}
Separator {
MaterialBinding {
value PER_FACE_INDEXED
}
Material {
ambientColor [
 1.000000 1.000000 1.000000
]
diffuseColor [
 1.000000 1.000000 1.000000
]
emissiveColor [
 0.000000 0.000000 0.000000
]
specularColor [
 0.900000 0.900000 0.900000
]
shininess [
 0.312500
]
transparency [
 0.600000
]
}
Coordinate3 {
point [
 0.043500 0.001500 0.002000, 0.043500 0.001500 0.002500, 0.043500 0.002500 0.002000, 0.043500 0.002500 0.002500, 0.046500 0.001500 0.002000,
 0.046500 0.001500 0.002500, 0.046500 0.002500 0.002000, 0.046500 0.002500 0.002500
]
}
IndexedFaceSet {
coordIndex [
 5, 1, 4, -1, 4, 1, 0, -1, 7, 5, 6, -1,
 6, 5, 4, -1, 3, 7, 2, -1, 2, 7, 6, -1,
 1, 3, 0, -1, 0, 3, 2, -1, 7, 3, 5, -1,
 5, 3, 1, -1, 2, 6, 0, -1, 0, 6, 4, -1
]
materialIndex [
 0, 0, 0, 0, 0, 0,
 0, 0, 0, 0, 0, 0,
]
}
}
Separator {
MaterialBinding {
value PER_FACE_INDEXED
}
Material {
ambientColor [
 1.000000 1.000000 1.000000
]
diffuseColor [
 1.000000 1.000000 1.000000
]
emissiveColor [
 0.000000 0.000000 0.000000
]
specularColor [
 0.900000 0.900000 0.900000
]
shininess [
 0.312500
]
transparency [
 0.600000
]
}
Coordinate3 {
point [
 0.043500 -0.003000 0.002000, 0.043500 -0.003000 0.002500, 0.043500 -0.002000 0.002000, 0.043500 -0.002000 0.002500, 0.046500 -0.003000 0.002000,
 0.046500 -0.003000 0.002500, 0.046500 -0.002000 0.002000, 0.046500 -0.002000 0.002500
]
}
IndexedFaceSet {
coordIndex [
 5, 1, 4, -1, 4, 1, 0, -1, 7, 5, 6, -1,
 6, 5, 4, -1, 3, 7, 2, -1, 2, 7, 6, -1,
 1, 3, 0, -1, 0, 3, 2, -1, 7, 3, 5, -1,
 5, 3, 1, -1, 2, 6, 0, -1, 0, 6, 4, -1
]
materialIndex [
 0, 0, 0, 0, 0, 0,
 0, 0, 0, 0, 0, 0,
]
}
}
Separator {
MaterialBinding {
value PER_FACE_INDEXED
}
Material {
ambientColor [
 1.000000 1.000000 1.000000
]
diffuseColor [
 1.000000 1.000000 1.000000
]
emissiveColor [
 0.000000 0.000000 0.000000
]
specularColor [
 0.900000 0.900000 0.900000
]
shininess [
 0.312500
]
transparency [
 0.600000
]
}
Coordinate3 {
point [
 0.046500 -0.001750 0.002000, 0.046500 -0.001750 0.002500, 0.046500 0.001250 0.002000, 0.046500 0.001250 0.002500, 0.047500 -0.001750 0.002000,
 0.047500 -0.001750 0.002500, 0.047500 0.001250 0.002000, 0.047500 0.001250 0.002500
]
}
IndexedFaceSet {
coordIndex [
 5, 1, 4, -1, 4, 1, 0, -1, 7, 5, 6, -1,
 6, 5, 4, -1, 3, 7, 2, -1, 2, 7, 6, -1,
 1, 3, 0, -1, 0, 3, 2, -1, 7, 3, 5, -1,
 5, 3, 1, -1, 2, 6, 0, -1, 0, 6, 4, -1
]
materialIndex [
 0, 0, 0, 0, 0, 0,
 0, 0, 0, 0, 0, 0,
]
}
}
Separator {
MaterialBinding {
value PER_FACE_INDEXED
}
Material {
ambientColor [
 1.000000 1.000000 1.000000
]
diffuseColor [
 1.000000 1.000000 1.000000
]
emissiveColor [
 0.000000 0.000000 0.000000
]
specularColor [
 0.900000 0.900000 0.900000
]
shininess [
 0.312500
]
transparency [
 0.600000
]
}
Coordinate3 {
point [
 0.042500 0.002750 0.002000, 0.042500 0.002750 0.002500, 0.042500 0.005750 0.002000, 0.042500 0.005750 0.002500, 0.043500 0.002750 0.002000,
 0.043500 0.002750 0.002500, 0.043500 0.005750 0.002000, 0.043500 0.005750 0.002500
]
}
IndexedFaceSet {
coordIndex [
 5, 1, 4, -1, 4, 1, 0, -1, 7, 5, 6, -1,
 6, 5, 4, -1, 3, 7, 2, -1, 2, 7, 6, -1,
 1, 3, 0, -1, 0, 3, 2, -1, 7, 3, 5, -1,
 5, 3, 1, -1, 2, 6, 0, -1, 0, 6, 4, -1
]
materialIndex [
 0, 0, 0, 0, 0, 0,
 0, 0, 0, 0, 0, 0,
]
}
}
Separator {
MaterialBinding {
value PER_FACE_INDEXED
}
Material {
ambientColor [
 1.000000 1.000000 1.000000
]
diffuseColor [
 1.000000 1.000000 1.000000
]
emissiveColor [
 0.000000 0.000000 0.000000
]
specularColor [
 0.900000 0.900000 0.900000
]
shininess [
 0.312500
]
transparency [
 0.600000
]
}
Coordinate3 {
point [
 0.036000 -0.003000 0.002000, 0.036000 -0.003000 0.002500, 0.036000 -0.002000 0.002000, 0.036000 -0.002000 0.002500, 0.039000 -0.003000 0.002000,
 0.039000 -0.003000 0.002500, 0.039000 -0.002000 0.002000, 0.039000 -0.002000 0.002500
]
}
IndexedFaceSet {
coordIndex [
 5, 1, 4, -1, 4, 1, 0, -1, 7, 5, 6, -1,
 6, 5, 4, -1, 3, 7, 2, -1, 2, 7, 6, -1,
 1, 3, 0, -1, 0, 3, 2, -1, 7, 3, 5, -1,
 5, 3, 1, -1, 2, 6, 0, -1, 0, 6, 4, -1
]
materialIndex [
 0, 0, 0, 0, 0, 0,
 0, 0, 0, 0, 0, 0,
]
}
}
Separator {
MaterialBinding {
value PER_FACE_INDEXED
}
Material {
ambientColor [
 1.000000 1.000000 1.000000
]
diffuseColor [
 1.000000 1.000000 1.000000
]
emissiveColor [
 0.000000 0.000000 0.000000
]
specularColor [
 0.900000 0.900000 0.900000
]
shininess [
 0.312500
]
transparency [
 0.600000
]
}
Coordinate3 {
point [
 0.046500 0.002750 0.002000, 0.046500 0.002750 0.002500, 0.046500 0.005750 0.002000, 0.046500 0.005750 0.002500, 0.047500 0.002750 0.002000,
 0.047500 0.002750 0.002500, 0.047500 0.005750 0.002000, 0.047500 0.005750 0.002500
]
}
IndexedFaceSet {
coordIndex [
 5, 1, 4, -1, 4, 1, 0, -1, 7, 5, 6, -1,
 6, 5, 4, -1, 3, 7, 2, -1, 2, 7, 6, -1,
 1, 3, 0, -1, 0, 3, 2, -1, 7, 3, 5, -1,
 5, 3, 1, -1, 2, 6, 0, -1, 0, 6, 4, -1
]
materialIndex [
 0, 0, 0, 0, 0, 0,
 0, 0, 0, 0, 0, 0,
]
}
}
Separator {
MaterialBinding {
value PER_FACE_INDEXED
}
Material {
ambientColor [
 1.000000 1.000000 1.000000
]
diffuseColor [
 1.000000 1.000000 1.000000
]
emissiveColor [
 0.000000 0.000000 0.000000
]
specularColor [
 0.900000 0.900000 0.900000
]
shininess [
 0.312500
]
transparency [
 0.600000
]
}
Coordinate3 {
point [
 0.043500 0.006000 0.002000, 0.043500 0.006000 0.002500, 0.043500 0.007000 0.002000, 0.043500 0.007000 0.002500, 0.046500 0.006000 0.002000,
 0.046500 0.006000 0.002500, 0.046500 0.007000 0.002000, 0.046500 0.007000 0.002500
]
}
IndexedFaceSet {
coordIndex [
 5, 1, 4, -1, 4, 1, 0, -1, 7, 5, 6, -1,
 6, 5, 4, -1, 3, 7, 2, -1, 2, 7, 6, -1,
 1, 3, 0, -1, 0, 3, 2, -1, 7, 3, 5, -1,
 5, 3, 1, -1, 2, 6, 0, -1, 0, 6, 4, -1
]
materialIndex [
 0, 0, 0, 0, 0, 0,
 0, 0, 0, 0, 0, 0,
]
}
}
Separator {
MaterialBinding {
value PER_FACE_INDEXED
}
Material {
ambientColor [
 1.000000 1.000000 1.000000
]
diffuseColor [
 1.000000 1.000000 1.000000
]
emissiveColor [
 0.000000 0.000000 0.000000
]
specularColor [
 0.900000 0.900000 0.900000
]
shininess [
 0.312500
]
transparency [
 0.600000
]
}
Coordinate3 {
point [
 0.002654 -0.003490 0.002000, 0.002654 -0.003490 0.002500, 0.003092 -0.003657 0.002000, 0.003092 -0.003657 0.002500, 0.003095 -0.002333 0.002000,
 0.003095 -0.002333 0.002500, 0.003533 -0.002500 0.002000, 0.003533 -0.002500 0.002500
]
}
IndexedFaceSet {
coordIndex [
 5, 7, 4, -1, 4, 7, 6, -1, 1, 5, 0, -1,
 0, 5, 4, -1, 3, 1, 2, -1, 2, 1, 0, -1,
 7, 3, 6, -1, 6, 3, 2, -1, 1, 3, 5, -1,
 5, 3, 7, -1, 2, 0, 6, -1, 6, 0, 4, -1
]
materialIndex [
 0, 0, 0, 0, 0, 0,
 0, 0, 0, 0, 0, 0,
]
}
}
Separator {
MaterialBinding {
value PER_FACE_INDEXED
}
Material {
ambientColor [
 1.000000 1.000000 1.000000
]
diffuseColor [
 1.000000 1.000000 1.000000
]
emissiveColor [
 0.000000 0.000000 0.000000
]
specularColor [
 0.900000 0.900000 0.900000
]
shininess [
 0.312500
]
transparency [
 0.600000
]
}
Coordinate3 {
point [
 -0.004846 -0.003490 0.002000, -0.004846 -0.003490 0.002500, -0.004408 -0.003657 0.002000, -0.004408 -0.003657 0.002500, -0.004405 -0.002333 0.002000,
 -0.004405 -0.002333 0.002500, -0.003967 -0.002500 0.002000, -0.003967 -0.002500 0.002500
]
}
IndexedFaceSet {
coordIndex [
 5, 7, 4, -1, 4, 7, 6, -1, 1, 5, 0, -1,
 0, 5, 4, -1, 3, 1, 2, -1, 2, 1, 0, -1,
 7, 3, 6, -1, 6, 3, 2, -1, 1, 3, 5, -1,
 5, 3, 7, -1, 2, 0, 6, -1, 6, 0, 4, -1
]
materialIndex [
 0, 0, 0, 0, 0, 0,
 0, 0, 0, 0, 0, 0,
]
}
}
Separator {
MaterialBinding {
value PER_FACE_INDEXED
}
Material {
ambientColor [
 1.000000 1.000000 1.000000
]
diffuseColor [
 1.000000 1.000000 1.000000
]
emissiveColor [
 0.000000 0.000000 0.000000
]
specularColor [
 0.900000 0.900000 0.900000
]
shininess [
 0.312500
]
transparency [
 0.600000
]
}
Coordinate3 {
point [
 0.017654 -0.003490 0.002000, 0.017654 -0.003490 0.002500, 0.018092 -0.003657 0.002000, 0.018092 -0.003657 0.002500, 0.018095 -0.002333 0.002000,
 0.018095 -0.002333 0.002500, 0.018533 -0.002500 0.002000, 0.018533 -0.002500 0.002500
]
}
IndexedFaceSet {
coordIndex [
 5, 7, 4, -1, 4, 7, 6, -1, 1, 5, 0, -1,
 0, 5, 4, -1, 3, 1, 2, -1, 2, 1, 0, -1,
 7, 3, 6, -1, 6, 3, 2, -1, 1, 3, 5, -1,
 5, 3, 7, -1, 2, 0, 6, -1, 6, 0, 4, -1
]
materialIndex [
 0, 0, 0, 0, 0, 0,
 0, 0, 0, 0, 0, 0,
]
}
}
Separator {
MaterialBinding {
value PER_FACE_INDEXED
}
Material {
ambientColor [
 1.000000 1.000000 1.000000
]
diffuseColor [
 1.000000 1.000000 1.000000
]
emissiveColor [
 0.000000 0.000000 0.000000
]
specularColor [
 0.900000 0.900000 0.900000
]
shininess [
 0.312500
]
transparency [
 0.600000
]
}
Coordinate3 {
point [
 0.010154 -0.003490 0.002000, 0.010154 -0.003490 0.002500, 0.010592 -0.003657 0.002000, 0.010592 -0.003657 0.002500, 0.010595 -0.002333 0.002000,
 0.010595 -0.002333 0.002500, 0.011033 -0.002500 0.002000, 0.011033 -0.002500 0.002500
]
}
IndexedFaceSet {
coordIndex [
 5, 7, 4, -1, 4, 7, 6, -1, 1, 5, 0, -1,
 0, 5, 4, -1, 3, 1, 2, -1, 2, 1, 0, -1,
 7, 3, 6, -1, 6, 3, 2, -1, 1, 3, 5, -1,
 5, 3, 7, -1, 2, 0, 6, -1, 6, 0, 4, -1
]
materialIndex [
 0, 0, 0, 0, 0, 0,
 0, 0, 0, 0, 0, 0,
]
}
}
Separator {
MaterialBinding {
value PER_FACE_INDEXED
}
Material {
ambientColor [
 1.000000 1.000000 1.000000
]
diffuseColor [
 1.000000 1.000000 1.000000
]
emissiveColor [
 0.000000 0.000000 0.000000
]
specularColor [
 0.900000 0.900000 0.900000
]
shininess [
 0.312500
]
transparency [
 0.600000
]
}
Coordinate3 {
point [
 -0.027346 -0.003490 0.002000, -0.027346 -0.003490 0.002500, -0.026908 -0.003657 0.002000, -0.026908 -0.003657 0.002500, -0.026905 -0.002333 0.002000,
 -0.026905 -0.002333 0.002500, -0.026467 -0.002500 0.002000, -0.026467 -0.002500 0.002500
]
}
IndexedFaceSet {
coordIndex [
 5, 7, 4, -1, 4, 7, 6, -1, 1, 5, 0, -1,
 0, 5, 4, -1, 3, 1, 2, -1, 2, 1, 0, -1,
 7, 3, 6, -1, 6, 3, 2, -1, 1, 3, 5, -1,
 5, 3, 7, -1, 2, 0, 6, -1, 6, 0, 4, -1
]
materialIndex [
 0, 0, 0, 0, 0, 0,
 0, 0, 0, 0, 0, 0,
]
}
}
Separator {
MaterialBinding {
value PER_FACE_INDEXED
}
Material {
ambientColor [
 1.000000 1.000000 1.000000
]
diffuseColor [
 1.000000 1.000000 1.000000
]
emissiveColor [
 0.000000 0.000000 0.000000
]
specularColor [
 0.900000 0.900000 0.900000
]
shininess [
 0.312500
]
transparency [
 0.600000
]
}
Coordinate3 {
point [
 -0.034846 -0.003490 0.002000, -0.034846 -0.003490 0.002500, -0.034408 -0.003657 0.002000, -0.034408 -0.003657 0.002500, -0.034405 -0.002333 0.002000,
 -0.034405 -0.002333 0.002500, -0.033967 -0.002500 0.002000, -0.033967 -0.002500 0.002500
]
}
IndexedFaceSet {
coordIndex [
 5, 7, 4, -1, 4, 7, 6, -1, 1, 5, 0, -1,
 0, 5, 4, -1, 3, 1, 2, -1, 2, 1, 0, -1,
 7, 3, 6, -1, 6, 3, 2, -1, 1, 3, 5, -1,
 5, 3, 7, -1, 2, 0, 6, -1, 6, 0, 4, -1
]
materialIndex [
 0, 0, 0, 0, 0, 0,
 0, 0, 0, 0, 0, 0,
]
}
}
Separator {
MaterialBinding {
value PER_FACE_INDEXED
}
Material {
ambientColor [
 1.000000 1.000000 1.000000
]
diffuseColor [
 1.000000 1.000000 1.000000
]
emissiveColor [
 0.000000 0.000000 0.000000
]
specularColor [
 0.900000 0.900000 0.900000
]
shininess [
 0.312500
]
transparency [
 0.600000
]
}
Coordinate3 {
point [
 -0.012346 -0.003490 0.002000, -0.012346 -0.003490 0.002500, -0.011908 -0.003657 0.002000, -0.011908 -0.003657 0.002500, -0.011905 -0.002333 0.002000,
 -0.011905 -0.002333 0.002500, -0.011467 -0.002500 0.002000, -0.011467 -0.002500 0.002500
]
}
IndexedFaceSet {
coordIndex [
 5, 7, 4, -1, 4, 7, 6, -1, 1, 5, 0, -1,
 0, 5, 4, -1, 3, 1, 2, -1, 2, 1, 0, -1,
 7, 3, 6, -1, 6, 3, 2, -1, 1, 3, 5, -1,
 5, 3, 7, -1, 2, 0, 6, -1, 6, 0, 4, -1
]
materialIndex [
 0, 0, 0, 0, 0, 0,
 0, 0, 0, 0, 0, 0,
]
}
}
Separator {
MaterialBinding {
value PER_FACE_INDEXED
}
Material {
ambientColor [
 1.000000 1.000000 1.000000
]
diffuseColor [
 1.000000 1.000000 1.000000
]
emissiveColor [
 0.000000 0.000000 0.000000
]
specularColor [
 0.900000 0.900000 0.900000
]
shininess [
 0.312500
]
transparency [
 0.600000
]
}
Coordinate3 {
point [
 -0.019846 -0.003490 0.002000, -0.019846 -0.003490 0.002500, -0.019408 -0.003657 0.002000, -0.019408 -0.003657 0.002500, -0.019405 -0.002333 0.002000,
 -0.019405 -0.002333 0.002500, -0.018967 -0.002500 0.002000, -0.018967 -0.002500 0.002500
]
}
IndexedFaceSet {
coordIndex [
 5, 7, 4, -1, 4, 7, 6, -1, 1, 5, 0, -1,
 0, 5, 4, -1, 3, 1, 2, -1, 2, 1, 0, -1,
 7, 3, 6, -1, 6, 3, 2, -1, 1, 3, 5, -1,
 5, 3, 7, -1, 2, 0, 6, -1, 6, 0, 4, -1
]
materialIndex [
 0, 0, 0, 0, 0, 0,
 0, 0, 0, 0, 0, 0,
]
}
}
Separator {
MaterialBinding {
value PER_FACE_INDEXED
}
Material {
ambientColor [
 1.000000 1.000000 1.000000
]
diffuseColor [
 1.000000 1.000000 1.000000
]
emissiveColor [
 0.000000 0.000000 0.000000
]
specularColor [
 0.900000 0.900000 0.900000
]
shininess [
 0.312500
]
transparency [
 0.600000
]
}
Coordinate3 {
point [
 -0.036000 0.002750 0.002000, -0.036000 0.002750 0.002500, -0.036000 0.005750 0.002000, -0.036000 0.005750 0.002500, -0.035000 0.002750 0.002000,
 -0.035000 0.002750 0.002500, -0.035000 0.005750 0.002000, -0.035000 0.005750 0.002500
]
}
IndexedFaceSet {
coordIndex [
 1, 3, 0, -1, 0, 3, 2, -1, 5, 1, 4, -1,
 4, 1, 0, -1, 7, 5, 6, -1, 6, 5, 4, -1,
 3, 7, 2, -1, 2, 7, 6, -1, 5, 7, 1, -1,
 1, 7, 3, -1, 6, 4, 2, -1, 2, 4, 0, -1
]
materialIndex [
 0, 0, 0, 0, 0, 0,
 0, 0, 0, 0, 0, 0,
]
}
}
Separator {
MaterialBinding {
value PER_FACE_INDEXED
}
Material {
ambientColor [
 1.000000 1.000000 1.000000
]
diffuseColor [
 1.000000 1.000000 1.000000
]
emissiveColor [
 0.000000 0.000000 0.000000
]
specularColor [
 0.900000 0.900000 0.900000
]
shininess [
 0.312500
]
transparency [
 0.600000
]
}
Coordinate3 {
point [
 -0.039000 0.006000 0.002000, -0.039000 0.006000 0.002500, -0.039000 0.007000 0.002000, -0.039000 0.007000 0.002500, -0.036000 0.006000 0.002000,
 -0.036000 0.006000 0.002500, -0.036000 0.007000 0.002000, -0.036000 0.007000 0.002500
]
}
IndexedFaceSet {
coordIndex [
 7, 5, 6, -1, 6, 5, 4, -1, 3, 7, 2, -1,
 2, 7, 6, -1, 1, 3, 0, -1, 0, 3, 2, -1,
 5, 1, 4, -1, 4, 1, 0, -1, 3, 1, 7, -1,
 7, 1, 5, -1, 0, 2, 4, -1, 4, 2, 6, -1
]
materialIndex [
 0, 0, 0, 0, 0, 0,
 0, 0, 0, 0, 0, 0,
]
}
}
Separator {
MaterialBinding {
value PER_FACE_INDEXED
}
Material {
ambientColor [
 1.000000 1.000000 1.000000
]
diffuseColor [
 1.000000 1.000000 1.000000
]
emissiveColor [
 0.000000 0.000000 0.000000
]
specularColor [
 0.900000 0.900000 0.900000
]
shininess [
 0.312500
]
transparency [
 0.600000
]
}
Coordinate3 {
point [
 -0.040000 -0.001750 0.002000, -0.040000 -0.001750 0.002500, -0.040000 0.001250 0.002000, -0.040000 0.001250 0.002500, -0.039000 -0.001750 0.002000,
 -0.039000 -0.001750 0.002500, -0.039000 0.001250 0.002000, -0.039000 0.001250 0.002500
]
}
IndexedFaceSet {
coordIndex [
 1, 3, 0, -1, 0, 3, 2, -1, 5, 1, 4, -1,
 4, 1, 0, -1, 7, 5, 6, -1, 6, 5, 4, -1,
 3, 7, 2, -1, 2, 7, 6, -1, 5, 7, 1, -1,
 1, 7, 3, -1, 6, 4, 2, -1, 2, 4, 0, -1
]
materialIndex [
 0, 0, 0, 0, 0, 0,
 0, 0, 0, 0, 0, 0,
]
}
}
Separator {
MaterialBinding {
value PER_FACE_INDEXED
}
Material {
ambientColor [
 1.000000 1.000000 1.000000
]
diffuseColor [
 1.000000 1.000000 1.000000
]
emissiveColor [
 0.000000 0.000000 0.000000
]
specularColor [
 0.900000 0.900000 0.900000
]
shininess [
 0.312500
]
transparency [
 0.600000
]
}
Coordinate3 {
point [
 -0.039000 0.001500 0.002000, -0.039000 0.001500 0.002500, -0.039000 0.002500 0.002000, -0.039000 0.002500 0.002500, -0.036000 0.001500 0.002000,
 -0.036000 0.001500 0.002500, -0.036000 0.002500 0.002000, -0.036000 0.002500 0.002500
]
}
IndexedFaceSet {
coordIndex [
 7, 5, 6, -1, 6, 5, 4, -1, 3, 7, 2, -1,
 2, 7, 6, -1, 1, 3, 0, -1, 0, 3, 2, -1,
 5, 1, 4, -1, 4, 1, 0, -1, 3, 1, 7, -1,
 7, 1, 5, -1, 0, 2, 4, -1, 4, 2, 6, -1
]
materialIndex [
 0, 0, 0, 0, 0, 0,
 0, 0, 0, 0, 0, 0,
]
}
}
Separator {
MaterialBinding {
value PER_FACE_INDEXED
}
Material {
ambientColor [
 1.000000 1.000000 1.000000
]
diffuseColor [
 1.000000 1.000000 1.000000
]
emissiveColor [
 0.000000 0.000000 0.000000
]
specularColor [
 0.900000 0.900000 0.900000
]
shininess [
 0.312500
]
transparency [
 0.600000
]
}
Coordinate3 {
point [
 -0.046850 -0.002647 0.002000, -0.046850 -0.002647 0.002500, -0.046850 0.000853 0.002000, -0.046850 0.000853 0.002500, -0.046150 -0.001947 0.002000,
 -0.046150 -0.001947 0.002500, -0.046150 -0.001240 0.002000, -0.046150 -0.001240 0.002500, -0.046150 -0.000540 0.002000, -0.046150 -0.000540 0.002500,
 -0.046150 0.000153 0.002000, -0.046150 0.000153 0.002500, -0.044342 -0.001240 0.002000, -0.044342 -0.001240 0.002500, -0.044342 -0.000540 0.002000,
 -0.044342 -0.000540 0.002500, -0.043850 -0.002647 0.002000, -0.043850 -0.002647 0.002500, -0.043850 -0.001947 0.002000, -0.043850 -0.001947 0.002500,
 -0.043850 0.000153 0.002000, -0.043850 0.000153 0.002500, -0.043850 0.000853 0.002000, -0.043850 0.000853 0.002500
]
}
IndexedFaceSet {
coordIndex [
 11, 9, 10, -1, 10, 9, 8, -1, 21, 11, 20, -1,
 20, 11, 10, -1, 23, 21, 22, -1, 22, 21, 20, -1,
 3, 23, 2, -1, 2, 23, 22, -1, 1, 3, 0, -1,
 0, 3, 2, -1, 17, 1, 16, -1, 16, 1, 0, -1,
 19, 17, 18, -1, 18, 17, 16, -1, 5, 19, 4, -1,
 4, 19, 18, -1, 7, 5, 6, -1, 6, 5, 4, -1,
 13, 7, 12, -1, 12, 7, 6, -1, 15, 13, 14, -1,
 14, 13, 12, -1, 9, 15, 8, -1, 8, 15, 14, -1,
 7, 3, 5, -1, 5, 3, 1, -1, 5, 1, 19, -1,
 19, 1, 17, -1, 21, 23, 11, -1, 11, 23, 3, -1,
 11, 3, 9, -1, 9, 3, 7, -1, 9, 7, 15, -1,
 15, 7, 13, -1, 18, 16, 4, -1, 4, 16, 0, -1,
 4, 0, 6, -1, 22, 20, 2, -1, 2, 20, 10, -1,
 2, 10, 8, -1, 14, 12, 8, -1, 8, 12, 6, -1,
 8, 6, 2, -1, 2, 6, 0, -1
]
materialIndex [
 0, 0, 0, 0, 0, 0,
 0, 0, 0, 0, 0, 0,
 0, 0, 0, 0, 0, 0,
 0, 0, 0, 0, 0, 0,
 0, 0, 0, 0, 0, 0, 0, 0, 0, 0, 0, 0, 0, 0, 0, 0, 0, 0, 0, 0,
]
}
}
Separator {
MaterialBinding {
value PER_FACE_INDEXED
}
Material {
ambientColor [
 1.000000 1.000000 1.000000
]
diffuseColor [
 1.000000 1.000000 1.000000
]
emissiveColor [
 0.000000 0.000000 0.000000
]
specularColor [
 0.900000 0.900000 0.900000
]
shininess [
 0.312500
]
transparency [
 0.600000
]
}
Coordinate3 {
point [
 -0.028500 0.002750 0.002000, -0.028500 0.002750 0.002500, -0.028500 0.005750 0.002000, -0.028500 0.005750 0.002500, -0.027500 0.002750 0.002000,
 -0.027500 0.002750 0.002500, -0.027500 0.005750 0.002000, -0.027500 0.005750 0.002500
]
}
IndexedFaceSet {
coordIndex [
 5, 1, 4, -1, 4, 1, 0, -1, 7, 5, 6, -1,
 6, 5, 4, -1, 3, 7, 2, -1, 2, 7, 6, -1,
 1, 3, 0, -1, 0, 3, 2, -1, 7, 3, 5, -1,
 5, 3, 1, -1, 2, 6, 0, -1, 0, 6, 4, -1
]
materialIndex [
 0, 0, 0, 0, 0, 0,
 0, 0, 0, 0, 0, 0,
]
}
}
Separator {
MaterialBinding {
value PER_FACE_INDEXED
}
Material {
ambientColor [
 1.000000 1.000000 1.000000
]
diffuseColor [
 1.000000 1.000000 1.000000
]
emissiveColor [
 0.000000 0.000000 0.000000
]
specularColor [
 0.900000 0.900000 0.900000
]
shininess [
 0.312500
]
transparency [
 0.600000
]
}
Coordinate3 {
point [
 -0.032500 -0.001750 0.002000, -0.032500 -0.001750 0.002500, -0.032500 0.001250 0.002000, -0.032500 0.001250 0.002500, -0.031500 -0.001750 0.002000,
 -0.031500 -0.001750 0.002500, -0.031500 0.001250 0.002000, -0.031500 0.001250 0.002500
]
}
IndexedFaceSet {
coordIndex [
 5, 1, 4, -1, 4, 1, 0, -1, 7, 5, 6, -1,
 6, 5, 4, -1, 3, 7, 2, -1, 2, 7, 6, -1,
 1, 3, 0, -1, 0, 3, 2, -1, 7, 3, 5, -1,
 5, 3, 1, -1, 2, 6, 0, -1, 0, 6, 4, -1
]
materialIndex [
 0, 0, 0, 0, 0, 0,
 0, 0, 0, 0, 0, 0,
]
}
}
Separator {
MaterialBinding {
value PER_FACE_INDEXED
}
Material {
ambientColor [
 1.000000 1.000000 1.000000
]
diffuseColor [
 1.000000 1.000000 1.000000
]
emissiveColor [
 0.000000 0.000000 0.000000
]
specularColor [
 0.900000 0.900000 0.900000
]
shininess [
 0.312500
]
transparency [
 0.600000
]
}
Coordinate3 {
point [
 -0.031500 0.001500 0.002000, -0.031500 0.001500 0.002500, -0.031500 0.002500 0.002000, -0.031500 0.002500 0.002500, -0.028500 0.001500 0.002000,
 -0.028500 0.001500 0.002500, -0.028500 0.002500 0.002000, -0.028500 0.002500 0.002500
]
}
IndexedFaceSet {
coordIndex [
 5, 1, 4, -1, 4, 1, 0, -1, 7, 5, 6, -1,
 6, 5, 4, -1, 3, 7, 2, -1, 2, 7, 6, -1,
 1, 3, 0, -1, 0, 3, 2, -1, 7, 3, 5, -1,
 5, 3, 1, -1, 2, 6, 0, -1, 0, 6, 4, -1
]
materialIndex [
 0, 0, 0, 0, 0, 0,
 0, 0, 0, 0, 0, 0,
]
}
}
Separator {
MaterialBinding {
value PER_FACE_INDEXED
}
Material {
ambientColor [
 1.000000 1.000000 1.000000
]
diffuseColor [
 1.000000 1.000000 1.000000
]
emissiveColor [
 0.000000 0.000000 0.000000
]
specularColor [
 0.900000 0.900000 0.900000
]
shininess [
 0.312500
]
transparency [
 0.600000
]
}
Coordinate3 {
point [
 -0.039000 -0.003000 0.002000, -0.039000 -0.003000 0.002500, -0.039000 -0.002000 0.002000, -0.039000 -0.002000 0.002500, -0.036000 -0.003000 0.002000,
 -0.036000 -0.003000 0.002500, -0.036000 -0.002000 0.002000, -0.036000 -0.002000 0.002500
]
}
IndexedFaceSet {
coordIndex [
 7, 5, 6, -1, 6, 5, 4, -1, 3, 7, 2, -1,
 2, 7, 6, -1, 1, 3, 0, -1, 0, 3, 2, -1,
 5, 1, 4, -1, 4, 1, 0, -1, 3, 1, 7, -1,
 7, 1, 5, -1, 0, 2, 4, -1, 4, 2, 6, -1
]
materialIndex [
 0, 0, 0, 0, 0, 0,
 0, 0, 0, 0, 0, 0,
]
}
}
Separator {
MaterialBinding {
value PER_FACE_INDEXED
}
Material {
ambientColor [
 1.000000 1.000000 1.000000
]
diffuseColor [
 1.000000 1.000000 1.000000
]
emissiveColor [
 0.000000 0.000000 0.000000
]
specularColor [
 0.900000 0.900000 0.900000
]
shininess [
 0.312500
]
transparency [
 0.600000
]
}
Coordinate3 {
point [
 -0.036000 -0.001750 0.002000, -0.036000 -0.001750 0.002500, -0.036000 0.001250 0.002000, -0.036000 0.001250 0.002500, -0.035000 -0.001750 0.002000,
 -0.035000 -0.001750 0.002500, -0.035000 0.001250 0.002000, -0.035000 0.001250 0.002500
]
}
IndexedFaceSet {
coordIndex [
 7, 5, 6, -1, 6, 5, 4, -1, 3, 7, 2, -1,
 2, 7, 6, -1, 1, 3, 0, -1, 0, 3, 2, -1,
 5, 1, 4, -1, 4, 1, 0, -1, 3, 1, 7, -1,
 7, 1, 5, -1, 0, 2, 4, -1, 4, 2, 6, -1
]
materialIndex [
 0, 0, 0, 0, 0, 0,
 0, 0, 0, 0, 0, 0,
]
}
}
Separator {
MaterialBinding {
value PER_FACE_INDEXED
}
Material {
ambientColor [
 1.000000 1.000000 1.000000
]
diffuseColor [
 1.000000 1.000000 1.000000
]
emissiveColor [
 0.000000 0.000000 0.000000
]
specularColor [
 0.900000 0.900000 0.900000
]
shininess [
 0.312500
]
transparency [
 0.600000
]
}
Coordinate3 {
point [
 -0.031500 0.006000 0.002000, -0.031500 0.006000 0.002500, -0.031500 0.007000 0.002000, -0.031500 0.007000 0.002500, -0.028500 0.006000 0.002000,
 -0.028500 0.006000 0.002500, -0.028500 0.007000 0.002000, -0.028500 0.007000 0.002500
]
}
IndexedFaceSet {
coordIndex [
 5, 1, 4, -1, 4, 1, 0, -1, 7, 5, 6, -1,
 6, 5, 4, -1, 3, 7, 2, -1, 2, 7, 6, -1,
 1, 3, 0, -1, 0, 3, 2, -1, 7, 3, 5, -1,
 5, 3, 1, -1, 2, 6, 0, -1, 0, 6, 4, -1
]
materialIndex [
 0, 0, 0, 0, 0, 0,
 0, 0, 0, 0, 0, 0,
]
}
}
Separator {
MaterialBinding {
value PER_FACE_INDEXED
}
Material {
ambientColor [
 1.000000 1.000000 1.000000
]
diffuseColor [
 1.000000 1.000000 1.000000
]
emissiveColor [
 0.000000 0.000000 0.000000
]
specularColor [
 0.900000 0.900000 0.900000
]
shininess [
 0.312500
]
transparency [
 0.600000
]
}
Coordinate3 {
point [
 -0.032500 0.002750 0.002000, -0.032500 0.002750 0.002500, -0.032500 0.005750 0.002000, -0.032500 0.005750 0.002500, -0.031500 0.002750 0.002000,
 -0.031500 0.002750 0.002500, -0.031500 0.005750 0.002000, -0.031500 0.005750 0.002500
]
}
IndexedFaceSet {
coordIndex [
 5, 1, 4, -1, 4, 1, 0, -1, 7, 5, 6, -1,
 6, 5, 4, -1, 3, 7, 2, -1, 2, 7, 6, -1,
 1, 3, 0, -1, 0, 3, 2, -1, 7, 3, 5, -1,
 5, 3, 1, -1, 2, 6, 0, -1, 0, 6, 4, -1
]
materialIndex [
 0, 0, 0, 0, 0, 0,
 0, 0, 0, 0, 0, 0,
]
}
}
Separator {
MaterialBinding {
value PER_FACE_INDEXED
}
Material {
ambientColor [
 1.000000 1.000000 1.000000
]
diffuseColor [
 1.000000 1.000000 1.000000
]
emissiveColor [
 0.000000 0.000000 0.000000
]
specularColor [
 0.900000 0.900000 0.900000
]
shininess [
 0.312500
]
transparency [
 0.600000
]
}
Coordinate3 {
point [
 -0.006000 -0.001750 0.002000, -0.006000 -0.001750 0.002500, -0.006000 0.001250 0.002000, -0.006000 0.001250 0.002500, -0.005000 -0.001750 0.002000,
 -0.005000 -0.001750 0.002500, -0.005000 0.001250 0.002000, -0.005000 0.001250 0.002500
]
}
IndexedFaceSet {
coordIndex [
 5, 1, 4, -1, 4, 1, 0, -1, 7, 5, 6, -1,
 6, 5, 4, -1, 3, 7, 2, -1, 2, 7, 6, -1,
 1, 3, 0, -1, 0, 3, 2, -1, 7, 3, 5, -1,
 5, 3, 1, -1, 2, 6, 0, -1, 0, 6, 4, -1
]
materialIndex [
 0, 0, 0, 0, 0, 0,
 0, 0, 0, 0, 0, 0,
]
}
}
Separator {
MaterialBinding {
value PER_FACE_INDEXED
}
Material {
ambientColor [
 1.000000 1.000000 1.000000
]
diffuseColor [
 1.000000 1.000000 1.000000
]
emissiveColor [
 0.000000 0.000000 0.000000
]
specularColor [
 0.900000 0.900000 0.900000
]
shininess [
 0.312500
]
transparency [
 0.600000
]
}
Coordinate3 {
point [
 -0.010000 -0.001750 0.002000, -0.010000 -0.001750 0.002500, -0.010000 0.001250 0.002000, -0.010000 0.001250 0.002500, -0.009000 -0.001750 0.002000,
 -0.009000 -0.001750 0.002500, -0.009000 0.001250 0.002000, -0.009000 0.001250 0.002500
]
}
IndexedFaceSet {
coordIndex [
 5, 1, 4, -1, 4, 1, 0, -1, 7, 5, 6, -1,
 6, 5, 4, -1, 3, 7, 2, -1, 2, 7, 6, -1,
 1, 3, 0, -1, 0, 3, 2, -1, 7, 3, 5, -1,
 5, 3, 1, -1, 2, 6, 0, -1, 0, 6, 4, -1
]
materialIndex [
 0, 0, 0, 0, 0, 0,
 0, 0, 0, 0, 0, 0,
]
}
}
Separator {
MaterialBinding {
value PER_FACE_INDEXED
}
Material {
ambientColor [
 1.000000 1.000000 1.000000
]
diffuseColor [
 1.000000 1.000000 1.000000
]
emissiveColor [
 0.000000 0.000000 0.000000
]
specularColor [
 0.900000 0.900000 0.900000
]
shininess [
 0.312500
]
transparency [
 0.600000
]
}
Coordinate3 {
point [
 -0.002500 0.002750 0.002000, -0.002500 0.002750 0.002500, -0.002500 0.005750 0.002000, -0.002500 0.005750 0.002500, -0.001500 0.002750 0.002000,
 -0.001500 0.002750 0.002500, -0.001500 0.005750 0.002000, -0.001500 0.005750 0.002500
]
}
IndexedFaceSet {
coordIndex [
 5, 1, 4, -1, 4, 1, 0, -1, 7, 5, 6, -1,
 6, 5, 4, -1, 3, 7, 2, -1, 2, 7, 6, -1,
 1, 3, 0, -1, 0, 3, 2, -1, 7, 3, 5, -1,
 5, 3, 1, -1, 2, 6, 0, -1, 0, 6, 4, -1
]
materialIndex [
 0, 0, 0, 0, 0, 0,
 0, 0, 0, 0, 0, 0,
]
}
}
Separator {
MaterialBinding {
value PER_FACE_INDEXED
}
Material {
ambientColor [
 1.000000 1.000000 1.000000
]
diffuseColor [
 1.000000 1.000000 1.000000
]
emissiveColor [
 0.000000 0.000000 0.000000
]
specularColor [
 0.900000 0.900000 0.900000
]
shininess [
 0.312500
]
transparency [
 0.600000
]
}
Coordinate3 {
point [
 -0.009000 -0.003000 0.002000, -0.009000 -0.003000 0.002500, -0.009000 -0.002000 0.002000, -0.009000 -0.002000 0.002500, -0.006000 -0.003000 0.002000,
 -0.006000 -0.003000 0.002500, -0.006000 -0.002000 0.002000, -0.006000 -0.002000 0.002500
]
}
IndexedFaceSet {
coordIndex [
 5, 1, 4, -1, 4, 1, 0, -1, 7, 5, 6, -1,
 6, 5, 4, -1, 3, 7, 2, -1, 2, 7, 6, -1,
 1, 3, 0, -1, 0, 3, 2, -1, 7, 3, 5, -1,
 5, 3, 1, -1, 2, 6, 0, -1, 0, 6, 4, -1
]
materialIndex [
 0, 0, 0, 0, 0, 0,
 0, 0, 0, 0, 0, 0,
]
}
}
Separator {
MaterialBinding {
value PER_FACE_INDEXED
}
Material {
ambientColor [
 1.000000 1.000000 1.000000
]
diffuseColor [
 1.000000 1.000000 1.000000
]
emissiveColor [
 0.000000 0.000000 0.000000
]
specularColor [
 0.900000 0.900000 0.900000
]
shininess [
 0.312500
]
transparency [
 0.600000
]
}
Coordinate3 {
point [
 -0.009000 0.006000 0.002000, -0.009000 0.006000 0.002500, -0.009000 0.007000 0.002000, -0.009000 0.007000 0.002500, -0.006000 0.006000 0.002000,
 -0.006000 0.006000 0.002500, -0.006000 0.007000 0.002000, -0.006000 0.007000 0.002500
]
}
IndexedFaceSet {
coordIndex [
 5, 1, 4, -1, 4, 1, 0, -1, 7, 5, 6, -1,
 6, 5, 4, -1, 3, 7, 2, -1, 2, 7, 6, -1,
 1, 3, 0, -1, 0, 3, 2, -1, 7, 3, 5, -1,
 5, 3, 1, -1, 2, 6, 0, -1, 0, 6, 4, -1
]
materialIndex [
 0, 0, 0, 0, 0, 0,
 0, 0, 0, 0, 0, 0,
]
}
}
Separator {
MaterialBinding {
value PER_FACE_INDEXED
}
Material {
ambientColor [
 1.000000 1.000000 1.000000
]
diffuseColor [
 1.000000 1.000000 1.000000
]
emissiveColor [
 0.000000 0.000000 0.000000
]
specularColor [
 0.900000 0.900000 0.900000
]
shininess [
 0.312500
]
transparency [
 0.600000
]
}
Coordinate3 {
point [
 -0.010000 0.002750 0.002000, -0.010000 0.002750 0.002500, -0.010000 0.005750 0.002000, -0.010000 0.005750 0.002500, -0.009000 0.002750 0.002000,
 -0.009000 0.002750 0.002500, -0.009000 0.005750 0.002000, -0.009000 0.005750 0.002500
]
}
IndexedFaceSet {
coordIndex [
 5, 1, 4, -1, 4, 1, 0, -1, 7, 5, 6, -1,
 6, 5, 4, -1, 3, 7, 2, -1, 2, 7, 6, -1,
 1, 3, 0, -1, 0, 3, 2, -1, 7, 3, 5, -1,
 5, 3, 1, -1, 2, 6, 0, -1, 0, 6, 4, -1
]
materialIndex [
 0, 0, 0, 0, 0, 0,
 0, 0, 0, 0, 0, 0,
]
}
}
Separator {
MaterialBinding {
value PER_FACE_INDEXED
}
Material {
ambientColor [
 1.000000 1.000000 1.000000
]
diffuseColor [
 1.000000 1.000000 1.000000
]
emissiveColor [
 0.000000 0.000000 0.000000
]
specularColor [
 0.900000 0.900000 0.900000
]
shininess [
 0.312500
]
transparency [
 0.600000
]
}
Coordinate3 {
point [
 -0.009000 0.001500 0.002000, -0.009000 0.001500 0.002500, -0.009000 0.002500 0.002000, -0.009000 0.002500 0.002500, -0.006000 0.001500 0.002000,
 -0.006000 0.001500 0.002500, -0.006000 0.002500 0.002000, -0.006000 0.002500 0.002500
]
}
IndexedFaceSet {
coordIndex [
 5, 1, 4, -1, 4, 1, 0, -1, 7, 5, 6, -1,
 6, 5, 4, -1, 3, 7, 2, -1, 2, 7, 6, -1,
 1, 3, 0, -1, 0, 3, 2, -1, 7, 3, 5, -1,
 5, 3, 1, -1, 2, 6, 0, -1, 0, 6, 4, -1
]
materialIndex [
 0, 0, 0, 0, 0, 0,
 0, 0, 0, 0, 0, 0,
]
}
}
Separator {
MaterialBinding {
value PER_FACE_INDEXED
}
Material {
ambientColor [
 1.000000 1.000000 1.000000
]
diffuseColor [
 1.000000 1.000000 1.000000
]
emissiveColor [
 0.000000 0.000000 0.000000
]
specularColor [
 0.900000 0.900000 0.900000
]
shininess [
 0.312500
]
transparency [
 0.600000
]
}
Coordinate3 {
point [
 -0.006000 0.002750 0.002000, -0.006000 0.002750 0.002500, -0.006000 0.005750 0.002000, -0.006000 0.005750 0.002500, -0.005000 0.002750 0.002000,
 -0.005000 0.002750 0.002500, -0.005000 0.005750 0.002000, -0.005000 0.005750 0.002500
]
}
IndexedFaceSet {
coordIndex [
 5, 1, 4, -1, 4, 1, 0, -1, 7, 5, 6, -1,
 6, 5, 4, -1, 3, 7, 2, -1, 2, 7, 6, -1,
 1, 3, 0, -1, 0, 3, 2, -1, 7, 3, 5, -1,
 5, 3, 1, -1, 2, 6, 0, -1, 0, 6, 4, -1
]
materialIndex [
 0, 0, 0, 0, 0, 0,
 0, 0, 0, 0, 0, 0,
]
}
}
Separator {
MaterialBinding {
value PER_FACE_INDEXED
}
Material {
ambientColor [
 1.000000 1.000000 1.000000
]
diffuseColor [
 1.000000 1.000000 1.000000
]
emissiveColor [
 0.000000 0.000000 0.000000
]
specularColor [
 0.900000 0.900000 0.900000
]
shininess [
 0.312500
]
transparency [
 0.600000
]
}
Coordinate3 {
point [
 -0.001500 -0.003000 0.002000, -0.001500 -0.003000 0.002500, -0.001500 -0.002000 0.002000, -0.001500 -0.002000 0.002500, 0.001500 -0.003000 0.002000,
 0.001500 -0.003000 0.002500, 0.001500 -0.002000 0.002000, 0.001500 -0.002000 0.002500
]
}
IndexedFaceSet {
coordIndex [
 5, 1, 4, -1, 4, 1, 0, -1, 7, 5, 6, -1,
 6, 5, 4, -1, 3, 7, 2, -1, 2, 7, 6, -1,
 1, 3, 0, -1, 0, 3, 2, -1, 7, 3, 5, -1,
 5, 3, 1, -1, 2, 6, 0, -1, 0, 6, 4, -1
]
materialIndex [
 0, 0, 0, 0, 0, 0,
 0, 0, 0, 0, 0, 0,
]
}
}
Separator {
MaterialBinding {
value PER_FACE_INDEXED
}
Material {
ambientColor [
 1.000000 1.000000 1.000000
]
diffuseColor [
 1.000000 1.000000 1.000000
]
emissiveColor [
 0.000000 0.000000 0.000000
]
specularColor [
 0.900000 0.900000 0.900000
]
shininess [
 0.312500
]
transparency [
 0.600000
]
}
Coordinate3 {
point [
 0.001500 -0.001750 0.002000, 0.001500 -0.001750 0.002500, 0.001500 0.001250 0.002000, 0.001500 0.001250 0.002500, 0.002500 -0.001750 0.002000,
 0.002500 -0.001750 0.002500, 0.002500 0.001250 0.002000, 0.002500 0.001250 0.002500
]
}
IndexedFaceSet {
coordIndex [
 5, 1, 4, -1, 4, 1, 0, -1, 7, 5, 6, -1,
 6, 5, 4, -1, 3, 7, 2, -1, 2, 7, 6, -1,
 1, 3, 0, -1, 0, 3, 2, -1, 7, 3, 5, -1,
 5, 3, 1, -1, 2, 6, 0, -1, 0, 6, 4, -1
]
materialIndex [
 0, 0, 0, 0, 0, 0,
 0, 0, 0, 0, 0, 0,
]
}
}
Separator {
MaterialBinding {
value PER_FACE_INDEXED
}
Material {
ambientColor [
 1.000000 1.000000 1.000000
]
diffuseColor [
 1.000000 1.000000 1.000000
]
emissiveColor [
 0.000000 0.000000 0.000000
]
specularColor [
 0.900000 0.900000 0.900000
]
shininess [
 0.312500
]
transparency [
 0.600000
]
}
Coordinate3 {
point [
 0.006000 0.006000 0.002000, 0.006000 0.006000 0.002500, 0.006000 0.007000 0.002000, 0.006000 0.007000 0.002500, 0.009000 0.006000 0.002000,
 0.009000 0.006000 0.002500, 0.009000 0.007000 0.002000, 0.009000 0.007000 0.002500
]
}
IndexedFaceSet {
coordIndex [
 5, 1, 4, -1, 4, 1, 0, -1, 7, 5, 6, -1,
 6, 5, 4, -1, 3, 7, 2, -1, 2, 7, 6, -1,
 1, 3, 0, -1, 0, 3, 2, -1, 7, 3, 5, -1,
 5, 3, 1, -1, 2, 6, 0, -1, 0, 6, 4, -1
]
materialIndex [
 0, 0, 0, 0, 0, 0,
 0, 0, 0, 0, 0, 0,
]
}
}
Separator {
MaterialBinding {
value PER_FACE_INDEXED
}
Material {
ambientColor [
 1.000000 1.000000 1.000000
]
diffuseColor [
 1.000000 1.000000 1.000000
]
emissiveColor [
 0.000000 0.000000 0.000000
]
specularColor [
 0.900000 0.900000 0.900000
]
shininess [
 0.312500
]
transparency [
 0.600000
]
}
Coordinate3 {
point [
 0.005000 0.002750 0.002000, 0.005000 0.002750 0.002500, 0.005000 0.005750 0.002000, 0.005000 0.005750 0.002500, 0.006000 0.002750 0.002000,
 0.006000 0.002750 0.002500, 0.006000 0.005750 0.002000, 0.006000 0.005750 0.002500
]
}
IndexedFaceSet {
coordIndex [
 5, 1, 4, -1, 4, 1, 0, -1, 7, 5, 6, -1,
 6, 5, 4, -1, 3, 7, 2, -1, 2, 7, 6, -1,
 1, 3, 0, -1, 0, 3, 2, -1, 7, 3, 5, -1,
 5, 3, 1, -1, 2, 6, 0, -1, 0, 6, 4, -1
]
materialIndex [
 0, 0, 0, 0, 0, 0,
 0, 0, 0, 0, 0, 0,
]
}
}
Separator {
MaterialBinding {
value PER_FACE_INDEXED
}
Material {
ambientColor [
 1.000000 1.000000 1.000000
]
diffuseColor [
 1.000000 1.000000 1.000000
]
emissiveColor [
 0.000000 0.000000 0.000000
]
specularColor [
 0.900000 0.900000 0.900000
]
shininess [
 0.312500
]
transparency [
 0.600000
]
}
Coordinate3 {
point [
 0.001500 0.002750 0.002000, 0.001500 0.002750 0.002500, 0.001500 0.005750 0.002000, 0.001500 0.005750 0.002500, 0.002500 0.002750 0.002000,
 0.002500 0.002750 0.002500, 0.002500 0.005750 0.002000, 0.002500 0.005750 0.002500
]
}
IndexedFaceSet {
coordIndex [
 5, 1, 4, -1, 4, 1, 0, -1, 7, 5, 6, -1,
 6, 5, 4, -1, 3, 7, 2, -1, 2, 7, 6, -1,
 1, 3, 0, -1, 0, 3, 2, -1, 7, 3, 5, -1,
 5, 3, 1, -1, 2, 6, 0, -1, 0, 6, 4, -1
]
materialIndex [
 0, 0, 0, 0, 0, 0,
 0, 0, 0, 0, 0, 0,
]
}
}
Separator {
MaterialBinding {
value PER_FACE_INDEXED
}
Material {
ambientColor [
 1.000000 1.000000 1.000000
]
diffuseColor [
 1.000000 1.000000 1.000000
]
emissiveColor [
 0.000000 0.000000 0.000000
]
specularColor [
 0.900000 0.900000 0.900000
]
shininess [
 0.312500
]
transparency [
 0.600000
]
}
Coordinate3 {
point [
 -0.001500 0.006000 0.002000, -0.001500 0.006000 0.002500, -0.001500 0.007000 0.002000, -0.001500 0.007000 0.002500, 0.001500 0.006000 0.002000,
 0.001500 0.006000 0.002500, 0.001500 0.007000 0.002000, 0.001500 0.007000 0.002500
]
}
IndexedFaceSet {
coordIndex [
 5, 1, 4, -1, 4, 1, 0, -1, 7, 5, 6, -1,
 6, 5, 4, -1, 3, 7, 2, -1, 2, 7, 6, -1,
 1, 3, 0, -1, 0, 3, 2, -1, 7, 3, 5, -1,
 5, 3, 1, -1, 2, 6, 0, -1, 0, 6, 4, -1
]
materialIndex [
 0, 0, 0, 0, 0, 0,
 0, 0, 0, 0, 0, 0,
]
}
}
Separator {
MaterialBinding {
value PER_FACE_INDEXED
}
Material {
ambientColor [
 1.000000 1.000000 1.000000
]
diffuseColor [
 1.000000 1.000000 1.000000
]
emissiveColor [
 0.000000 0.000000 0.000000
]
specularColor [
 0.900000 0.900000 0.900000
]
shininess [
 0.312500
]
transparency [
 0.600000
]
}
Coordinate3 {
point [
 -0.002500 -0.001750 0.002000, -0.002500 -0.001750 0.002500, -0.002500 0.001250 0.002000, -0.002500 0.001250 0.002500, -0.001500 -0.001750 0.002000,
 -0.001500 -0.001750 0.002500, -0.001500 0.001250 0.002000, -0.001500 0.001250 0.002500
]
}
IndexedFaceSet {
coordIndex [
 5, 1, 4, -1, 4, 1, 0, -1, 7, 5, 6, -1,
 6, 5, 4, -1, 3, 7, 2, -1, 2, 7, 6, -1,
 1, 3, 0, -1, 0, 3, 2, -1, 7, 3, 5, -1,
 5, 3, 1, -1, 2, 6, 0, -1, 0, 6, 4, -1
]
materialIndex [
 0, 0, 0, 0, 0, 0,
 0, 0, 0, 0, 0, 0,
]
}
}
Separator {
MaterialBinding {
value PER_FACE_INDEXED
}
Material {
ambientColor [
 1.000000 1.000000 1.000000
]
diffuseColor [
 1.000000 1.000000 1.000000
]
emissiveColor [
 0.000000 0.000000 0.000000
]
specularColor [
 0.900000 0.900000 0.900000
]
shininess [
 0.312500
]
transparency [
 0.600000
]
}
Coordinate3 {
point [
 -0.001500 0.001500 0.002000, -0.001500 0.001500 0.002500, -0.001500 0.002500 0.002000, -0.001500 0.002500 0.002500, 0.001500 0.001500 0.002000,
 0.001500 0.001500 0.002500, 0.001500 0.002500 0.002000, 0.001500 0.002500 0.002500
]
}
IndexedFaceSet {
coordIndex [
 5, 1, 4, -1, 4, 1, 0, -1, 7, 5, 6, -1,
 6, 5, 4, -1, 3, 7, 2, -1, 2, 7, 6, -1,
 1, 3, 0, -1, 0, 3, 2, -1, 7, 3, 5, -1,
 5, 3, 1, -1, 2, 6, 0, -1, 0, 6, 4, -1
]
materialIndex [
 0, 0, 0, 0, 0, 0,
 0, 0, 0, 0, 0, 0,
]
}
}
Separator {
MaterialBinding {
value PER_FACE_INDEXED
}
Material {
ambientColor [
 1.000000 1.000000 1.000000
]
diffuseColor [
 1.000000 1.000000 1.000000
]
emissiveColor [
 0.000000 0.000000 0.000000
]
specularColor [
 0.900000 0.900000 0.900000
]
shininess [
 0.312500
]
transparency [
 0.600000
]
}
Coordinate3 {
point [
 -0.024000 0.001500 0.002000, -0.024000 0.001500 0.002500, -0.024000 0.002500 0.002000, -0.024000 0.002500 0.002500, -0.021000 0.001500 0.002000,
 -0.021000 0.001500 0.002500, -0.021000 0.002500 0.002000, -0.021000 0.002500 0.002500
]
}
IndexedFaceSet {
coordIndex [
 5, 1, 4, -1, 4, 1, 0, -1, 7, 5, 6, -1,
 6, 5, 4, -1, 3, 7, 2, -1, 2, 7, 6, -1,
 1, 3, 0, -1, 0, 3, 2, -1, 7, 3, 5, -1,
 5, 3, 1, -1, 2, 6, 0, -1, 0, 6, 4, -1
]
materialIndex [
 0, 0, 0, 0, 0, 0,
 0, 0, 0, 0, 0, 0,
]
}
}
Separator {
MaterialBinding {
value PER_FACE_INDEXED
}
Material {
ambientColor [
 1.000000 1.000000 1.000000
]
diffuseColor [
 1.000000 1.000000 1.000000
]
emissiveColor [
 0.000000 0.000000 0.000000
]
specularColor [
 0.900000 0.900000 0.900000
]
shininess [
 0.312500
]
transparency [
 0.600000
]
}
Coordinate3 {
point [
 -0.021000 0.002750 0.002000, -0.021000 0.002750 0.002500, -0.021000 0.005750 0.002000, -0.021000 0.005750 0.002500, -0.020000 0.002750 0.002000,
 -0.020000 0.002750 0.002500, -0.020000 0.005750 0.002000, -0.020000 0.005750 0.002500
]
}
IndexedFaceSet {
coordIndex [
 5, 1, 4, -1, 4, 1, 0, -1, 7, 5, 6, -1,
 6, 5, 4, -1, 3, 7, 2, -1, 2, 7, 6, -1,
 1, 3, 0, -1, 0, 3, 2, -1, 7, 3, 5, -1,
 5, 3, 1, -1, 2, 6, 0, -1, 0, 6, 4, -1
]
materialIndex [
 0, 0, 0, 0, 0, 0,
 0, 0, 0, 0, 0, 0,
]
}
}
Separator {
MaterialBinding {
value PER_FACE_INDEXED
}
Material {
ambientColor [
 1.000000 1.000000 1.000000
]
diffuseColor [
 1.000000 1.000000 1.000000
]
emissiveColor [
 0.000000 0.000000 0.000000
]
specularColor [
 0.900000 0.900000 0.900000
]
shininess [
 0.312500
]
transparency [
 0.600000
]
}
Coordinate3 {
point [
 -0.021000 -0.001750 0.002000, -0.021000 -0.001750 0.002500, -0.021000 0.001250 0.002000, -0.021000 0.001250 0.002500, -0.020000 -0.001750 0.002000,
 -0.020000 -0.001750 0.002500, -0.020000 0.001250 0.002000, -0.020000 0.001250 0.002500
]
}
IndexedFaceSet {
coordIndex [
 5, 1, 4, -1, 4, 1, 0, -1, 7, 5, 6, -1,
 6, 5, 4, -1, 3, 7, 2, -1, 2, 7, 6, -1,
 1, 3, 0, -1, 0, 3, 2, -1, 7, 3, 5, -1,
 5, 3, 1, -1, 2, 6, 0, -1, 0, 6, 4, -1
]
materialIndex [
 0, 0, 0, 0, 0, 0,
 0, 0, 0, 0, 0, 0,
]
}
}
Separator {
MaterialBinding {
value PER_FACE_INDEXED
}
Material {
ambientColor [
 1.000000 1.000000 1.000000
]
diffuseColor [
 1.000000 1.000000 1.000000
]
emissiveColor [
 0.000000 0.000000 0.000000
]
specularColor [
 0.900000 0.900000 0.900000
]
shininess [
 0.312500
]
transparency [
 0.600000
]
}
Coordinate3 {
point [
 -0.025000 -0.001750 0.002000, -0.025000 -0.001750 0.002500, -0.025000 0.001250 0.002000, -0.025000 0.001250 0.002500, -0.024000 -0.001750 0.002000,
 -0.024000 -0.001750 0.002500, -0.024000 0.001250 0.002000, -0.024000 0.001250 0.002500
]
}
IndexedFaceSet {
coordIndex [
 5, 1, 4, -1, 4, 1, 0, -1, 7, 5, 6, -1,
 6, 5, 4, -1, 3, 7, 2, -1, 2, 7, 6, -1,
 1, 3, 0, -1, 0, 3, 2, -1, 7, 3, 5, -1,
 5, 3, 1, -1, 2, 6, 0, -1, 0, 6, 4, -1
]
materialIndex [
 0, 0, 0, 0, 0, 0,
 0, 0, 0, 0, 0, 0,
]
}
}
Separator {
MaterialBinding {
value PER_FACE_INDEXED
}
Material {
ambientColor [
 1.000000 1.000000 1.000000
]
diffuseColor [
 1.000000 1.000000 1.000000
]
emissiveColor [
 0.000000 0.000000 0.000000
]
specularColor [
 0.900000 0.900000 0.900000
]
shininess [
 0.312500
]
transparency [
 0.600000
]
}
Coordinate3 {
point [
 -0.031500 -0.003000 0.002000, -0.031500 -0.003000 0.002500, -0.031500 -0.002000 0.002000, -0.031500 -0.002000 0.002500, -0.028500 -0.003000 0.002000,
 -0.028500 -0.003000 0.002500, -0.028500 -0.002000 0.002000, -0.028500 -0.002000 0.002500
]
}
IndexedFaceSet {
coordIndex [
 5, 1, 4, -1, 4, 1, 0, -1, 7, 5, 6, -1,
 6, 5, 4, -1, 3, 7, 2, -1, 2, 7, 6, -1,
 1, 3, 0, -1, 0, 3, 2, -1, 7, 3, 5, -1,
 5, 3, 1, -1, 2, 6, 0, -1, 0, 6, 4, -1
]
materialIndex [
 0, 0, 0, 0, 0, 0,
 0, 0, 0, 0, 0, 0,
]
}
}
Separator {
MaterialBinding {
value PER_FACE_INDEXED
}
Material {
ambientColor [
 1.000000 1.000000 1.000000
]
diffuseColor [
 1.000000 1.000000 1.000000
]
emissiveColor [
 0.000000 0.000000 0.000000
]
specularColor [
 0.900000 0.900000 0.900000
]
shininess [
 0.312500
]
transparency [
 0.600000
]
}
Coordinate3 {
point [
 -0.028500 -0.001750 0.002000, -0.028500 -0.001750 0.002500, -0.028500 0.001250 0.002000, -0.028500 0.001250 0.002500, -0.027500 -0.001750 0.002000,
 -0.027500 -0.001750 0.002500, -0.027500 0.001250 0.002000, -0.027500 0.001250 0.002500
]
}
IndexedFaceSet {
coordIndex [
 5, 1, 4, -1, 4, 1, 0, -1, 7, 5, 6, -1,
 6, 5, 4, -1, 3, 7, 2, -1, 2, 7, 6, -1,
 1, 3, 0, -1, 0, 3, 2, -1, 7, 3, 5, -1,
 5, 3, 1, -1, 2, 6, 0, -1, 0, 6, 4, -1
]
materialIndex [
 0, 0, 0, 0, 0, 0,
 0, 0, 0, 0, 0, 0,
]
}
}
Separator {
MaterialBinding {
value PER_FACE_INDEXED
}
Material {
ambientColor [
 1.000000 1.000000 1.000000
]
diffuseColor [
 1.000000 1.000000 1.000000
]
emissiveColor [
 0.000000 0.000000 0.000000
]
specularColor [
 0.900000 0.900000 0.900000
]
shininess [
 0.312500
]
transparency [
 0.600000
]
}
Coordinate3 {
point [
 -0.024000 0.006000 0.002000, -0.024000 0.006000 0.002500, -0.024000 0.007000 0.002000, -0.024000 0.007000 0.002500, -0.021000 0.006000 0.002000,
 -0.021000 0.006000 0.002500, -0.021000 0.007000 0.002000, -0.021000 0.007000 0.002500
]
}
IndexedFaceSet {
coordIndex [
 5, 1, 4, -1, 4, 1, 0, -1, 7, 5, 6, -1,
 6, 5, 4, -1, 3, 7, 2, -1, 2, 7, 6, -1,
 1, 3, 0, -1, 0, 3, 2, -1, 7, 3, 5, -1,
 5, 3, 1, -1, 2, 6, 0, -1, 0, 6, 4, -1
]
materialIndex [
 0, 0, 0, 0, 0, 0,
 0, 0, 0, 0, 0, 0,
]
}
}
Separator {
MaterialBinding {
value PER_FACE_INDEXED
}
Material {
ambientColor [
 1.000000 1.000000 1.000000
]
diffuseColor [
 1.000000 1.000000 1.000000
]
emissiveColor [
 0.000000 0.000000 0.000000
]
specularColor [
 0.900000 0.900000 0.900000
]
shininess [
 0.312500
]
transparency [
 0.600000
]
}
Coordinate3 {
point [
 -0.025000 0.002750 0.002000, -0.025000 0.002750 0.002500, -0.025000 0.005750 0.002000, -0.025000 0.005750 0.002500, -0.024000 0.002750 0.002000,
 -0.024000 0.002750 0.002500, -0.024000 0.005750 0.002000, -0.024000 0.005750 0.002500
]
}
IndexedFaceSet {
coordIndex [
 5, 1, 4, -1, 4, 1, 0, -1, 7, 5, 6, -1,
 6, 5, 4, -1, 3, 7, 2, -1, 2, 7, 6, -1,
 1, 3, 0, -1, 0, 3, 2, -1, 7, 3, 5, -1,
 5, 3, 1, -1, 2, 6, 0, -1, 0, 6, 4, -1
]
materialIndex [
 0, 0, 0, 0, 0, 0,
 0, 0, 0, 0, 0, 0,
]
}
}
Separator {
MaterialBinding {
value PER_FACE_INDEXED
}
Material {
ambientColor [
 1.000000 1.000000 1.000000
]
diffuseColor [
 1.000000 1.000000 1.000000
]
emissiveColor [
 0.000000 0.000000 0.000000
]
specularColor [
 0.900000 0.900000 0.900000
]
shininess [
 0.312500
]
transparency [
 0.600000
]
}
Coordinate3 {
point [
 -0.017500 -0.001750 0.002000, -0.017500 -0.001750 0.002500, -0.017500 0.001250 0.002000, -0.017500 0.001250 0.002500, -0.016500 -0.001750 0.002000,
 -0.016500 -0.001750 0.002500, -0.016500 0.001250 0.002000, -0.016500 0.001250 0.002500
]
}
IndexedFaceSet {
coordIndex [
 5, 1, 4, -1, 4, 1, 0, -1, 7, 5, 6, -1,
 6, 5, 4, -1, 3, 7, 2, -1, 2, 7, 6, -1,
 1, 3, 0, -1, 0, 3, 2, -1, 7, 3, 5, -1,
 5, 3, 1, -1, 2, 6, 0, -1, 0, 6, 4, -1
]
materialIndex [
 0, 0, 0, 0, 0, 0,
 0, 0, 0, 0, 0, 0,
]
}
}
Separator {
MaterialBinding {
value PER_FACE_INDEXED
}
Material {
ambientColor [
 1.000000 1.000000 1.000000
]
diffuseColor [
 1.000000 1.000000 1.000000
]
emissiveColor [
 0.000000 0.000000 0.000000
]
specularColor [
 0.900000 0.900000 0.900000
]
shininess [
 0.312500
]
transparency [
 0.600000
]
}
Coordinate3 {
point [
 -0.016500 0.001500 0.002000, -0.016500 0.001500 0.002500, -0.016500 0.002500 0.002000, -0.016500 0.002500 0.002500, -0.013500 0.001500 0.002000,
 -0.013500 0.001500 0.002500, -0.013500 0.002500 0.002000, -0.013500 0.002500 0.002500
]
}
IndexedFaceSet {
coordIndex [
 5, 1, 4, -1, 4, 1, 0, -1, 7, 5, 6, -1,
 6, 5, 4, -1, 3, 7, 2, -1, 2, 7, 6, -1,
 1, 3, 0, -1, 0, 3, 2, -1, 7, 3, 5, -1,
 5, 3, 1, -1, 2, 6, 0, -1, 0, 6, 4, -1
]
materialIndex [
 0, 0, 0, 0, 0, 0,
 0, 0, 0, 0, 0, 0,
]
}
}
Separator {
MaterialBinding {
value PER_FACE_INDEXED
}
Material {
ambientColor [
 1.000000 1.000000 1.000000
]
diffuseColor [
 1.000000 1.000000 1.000000
]
emissiveColor [
 0.000000 0.000000 0.000000
]
specularColor [
 0.900000 0.900000 0.900000
]
shininess [
 0.312500
]
transparency [
 0.600000
]
}
Coordinate3 {
point [
 -0.016500 -0.003000 0.002000, -0.016500 -0.003000 0.002500, -0.016500 -0.002000 0.002000, -0.016500 -0.002000 0.002500, -0.013500 -0.003000 0.002000,
 -0.013500 -0.003000 0.002500, -0.013500 -0.002000 0.002000, -0.013500 -0.002000 0.002500
]
}
IndexedFaceSet {
coordIndex [
 5, 1, 4, -1, 4, 1, 0, -1, 7, 5, 6, -1,
 6, 5, 4, -1, 3, 7, 2, -1, 2, 7, 6, -1,
 1, 3, 0, -1, 0, 3, 2, -1, 7, 3, 5, -1,
 5, 3, 1, -1, 2, 6, 0, -1, 0, 6, 4, -1
]
materialIndex [
 0, 0, 0, 0, 0, 0,
 0, 0, 0, 0, 0, 0,
]
}
}
Separator {
MaterialBinding {
value PER_FACE_INDEXED
}
Material {
ambientColor [
 1.000000 1.000000 1.000000
]
diffuseColor [
 1.000000 1.000000 1.000000
]
emissiveColor [
 0.000000 0.000000 0.000000
]
specularColor [
 0.900000 0.900000 0.900000
]
shininess [
 0.312500
]
transparency [
 0.600000
]
}
Coordinate3 {
point [
 -0.013500 -0.001750 0.002000, -0.013500 -0.001750 0.002500, -0.013500 0.001250 0.002000, -0.013500 0.001250 0.002500, -0.012500 -0.001750 0.002000,
 -0.012500 -0.001750 0.002500, -0.012500 0.001250 0.002000, -0.012500 0.001250 0.002500
]
}
IndexedFaceSet {
coordIndex [
 5, 1, 4, -1, 4, 1, 0, -1, 7, 5, 6, -1,
 6, 5, 4, -1, 3, 7, 2, -1, 2, 7, 6, -1,
 1, 3, 0, -1, 0, 3, 2, -1, 7, 3, 5, -1,
 5, 3, 1, -1, 2, 6, 0, -1, 0, 6, 4, -1
]
materialIndex [
 0, 0, 0, 0, 0, 0,
 0, 0, 0, 0, 0, 0,
]
}
}
Separator {
MaterialBinding {
value PER_FACE_INDEXED
}
Material {
ambientColor [
 1.000000 1.000000 1.000000
]
diffuseColor [
 1.000000 1.000000 1.000000
]
emissiveColor [
 0.000000 0.000000 0.000000
]
specularColor [
 0.900000 0.900000 0.900000
]
shininess [
 0.312500
]
transparency [
 0.600000
]
}
Coordinate3 {
point [
 -0.017500 0.002750 0.002000, -0.017500 0.002750 0.002500, -0.017500 0.005750 0.002000, -0.017500 0.005750 0.002500, -0.016500 0.002750 0.002000,
 -0.016500 0.002750 0.002500, -0.016500 0.005750 0.002000, -0.016500 0.005750 0.002500
]
}
IndexedFaceSet {
coordIndex [
 5, 1, 4, -1, 4, 1, 0, -1, 7, 5, 6, -1,
 6, 5, 4, -1, 3, 7, 2, -1, 2, 7, 6, -1,
 1, 3, 0, -1, 0, 3, 2, -1, 7, 3, 5, -1,
 5, 3, 1, -1, 2, 6, 0, -1, 0, 6, 4, -1
]
materialIndex [
 0, 0, 0, 0, 0, 0,
 0, 0, 0, 0, 0, 0,
]
}
}
Separator {
MaterialBinding {
value PER_FACE_INDEXED
}
Material {
ambientColor [
 1.000000 1.000000 1.000000
]
diffuseColor [
 1.000000 1.000000 1.000000
]
emissiveColor [
 0.000000 0.000000 0.000000
]
specularColor [
 0.900000 0.900000 0.900000
]
shininess [
 0.312500
]
transparency [
 0.600000
]
}
Coordinate3 {
point [
 -0.024000 -0.003000 0.002000, -0.024000 -0.003000 0.002500, -0.024000 -0.002000 0.002000, -0.024000 -0.002000 0.002500, -0.021000 -0.003000 0.002000,
 -0.021000 -0.003000 0.002500, -0.021000 -0.002000 0.002000, -0.021000 -0.002000 0.002500
]
}
IndexedFaceSet {
coordIndex [
 5, 1, 4, -1, 4, 1, 0, -1, 7, 5, 6, -1,
 6, 5, 4, -1, 3, 7, 2, -1, 2, 7, 6, -1,
 1, 3, 0, -1, 0, 3, 2, -1, 7, 3, 5, -1,
 5, 3, 1, -1, 2, 6, 0, -1, 0, 6, 4, -1
]
materialIndex [
 0, 0, 0, 0, 0, 0,
 0, 0, 0, 0, 0, 0,
]
}
}
Separator {
MaterialBinding {
value PER_FACE_INDEXED
}
Material {
ambientColor [
 1.000000 1.000000 1.000000
]
diffuseColor [
 1.000000 1.000000 1.000000
]
emissiveColor [
 0.000000 0.000000 0.000000
]
specularColor [
 0.900000 0.900000 0.900000
]
shininess [
 0.312500
]
transparency [
 0.600000
]
}
Coordinate3 {
point [
 -0.013500 0.002750 0.002000, -0.013500 0.002750 0.002500, -0.013500 0.005750 0.002000, -0.013500 0.005750 0.002500, -0.012500 0.002750 0.002000,
 -0.012500 0.002750 0.002500, -0.012500 0.005750 0.002000, -0.012500 0.005750 0.002500
]
}
IndexedFaceSet {
coordIndex [
 5, 1, 4, -1, 4, 1, 0, -1, 7, 5, 6, -1,
 6, 5, 4, -1, 3, 7, 2, -1, 2, 7, 6, -1,
 1, 3, 0, -1, 0, 3, 2, -1, 7, 3, 5, -1,
 5, 3, 1, -1, 2, 6, 0, -1, 0, 6, 4, -1
]
materialIndex [
 0, 0, 0, 0, 0, 0,
 0, 0, 0, 0, 0, 0,
]
}
}
Separator {
MaterialBinding {
value PER_FACE_INDEXED
}
Material {
ambientColor [
 1.000000 1.000000 1.000000
]
diffuseColor [
 1.000000 1.000000 1.000000
]
emissiveColor [
 0.000000 0.000000 0.000000
]
specularColor [
 0.900000 0.900000 0.900000
]
shininess [
 0.312500
]
transparency [
 0.600000
]
}
Coordinate3 {
point [
 -0.016500 0.006000 0.002000, -0.016500 0.006000 0.002500, -0.016500 0.007000 0.002000, -0.016500 0.007000 0.002500, -0.013500 0.006000 0.002000,
 -0.013500 0.006000 0.002500, -0.013500 0.007000 0.002000, -0.013500 0.007000 0.002500
]
}
IndexedFaceSet {
coordIndex [
 5, 1, 4, -1, 4, 1, 0, -1, 7, 5, 6, -1,
 6, 5, 4, -1, 3, 7, 2, -1, 2, 7, 6, -1,
 1, 3, 0, -1, 0, 3, 2, -1, 7, 3, 5, -1,
 5, 3, 1, -1, 2, 6, 0, -1, 0, 6, 4, -1
]
materialIndex [
 0, 0, 0, 0, 0, 0,
 0, 0, 0, 0, 0, 0,
]
}
}
Separator {
MaterialBinding {
value PER_FACE_INDEXED
}
Material {
ambientColor [
 1.000000 1.000000 1.000000
]
diffuseColor [
 1.000000 1.000000 1.000000
]
emissiveColor [
 0.000000 0.000000 0.000000
]
specularColor [
 0.900000 0.900000 0.900000
]
shininess [
 0.312500
]
transparency [
 0.600000
]
}
Coordinate3 {
point [
 -0.064000 -0.017000 0.000000, -0.064000 -0.017000 0.004500, -0.064000 0.017000 0.000000, -0.064000 0.017000 0.004500, -0.062500 -0.015500 0.001500,
 -0.062500 -0.015500 0.003000, -0.062500 0.015500 0.001500, -0.062500 0.015500 0.003000, -0.061900 -0.005000 0.004500, -0.061900 0.009000 0.004500,
 -0.061699 -0.006527 0.004500, -0.061699 0.010527 0.004500, -0.061110 -0.007950 0.004500, -0.061110 0.011950 0.004500, -0.061034 -0.005000 0.003000,
 -0.061034 0.009000 0.003000, -0.060862 -0.006303 0.003000, -0.060862 0.010303 0.003000, -0.060360 -0.007517 0.003000, -0.060360 0.011517 0.003000,
 -0.060265 -0.005000 0.007332, -0.060265 0.009000 0.007332, -0.060260 -0.005469 0.007296, -0.060258 -0.004936 0.007344, -0.060250 0.009600 0.007285,
 -0.060182 -0.006057 0.007248, -0.060172 -0.009172 0.004500, -0.060172 0.013172 0.004500, -0.060169 -0.006117 0.007243, -0.060169 0.010117 0.007243,
 -0.060154 0.010184 0.007238, -0.060104 0.010378 0.007221, -0.060025 -0.006627 0.007200, -0.059977 0.005531 0.007831, -0.059973 -0.001468 0.007837,
 -0.059932 -0.006869 0.007179, -0.059906 0.010929 0.007173, -0.059900 -0.005137 0.007831, -0.059900 0.009137 0.007831, -0.059893 -0.005071 0.007843,
 -0.059890 -0.005568 0.007785, -0.059880 0.009688 0.007772, -0.059879 0.002031 0.008000, -0.059813 -0.006106 0.007725, -0.059786 0.010222 0.007711,
 -0.059785 -0.007185 0.007150, -0.059785 0.011185 0.007150, -0.059739 0.010399 0.007691, -0.059676 -0.007383 0.007131, -0.059664 -0.006627 0.007664,
 -0.059642 0.011440 0.007126, -0.059609 0.005599 0.008336, -0.059605 -0.001536 0.008342, -0.059578 -0.006847 0.007637, -0.059560 -0.008560 0.003000,
 -0.059560 0.012560 0.003000, -0.059554 0.010902 0.007630, -0.059511 0.002031 0.008507, -0.059469 0.011704 0.007101, -0.059435 -0.005267 0.008241,
 -0.059435 0.009267 0.008241, -0.059428 -0.005201 0.008253, -0.059426 -0.005650 0.008189, -0.059416 0.009756 0.008174, -0.059357 -0.006127 0.008121,
 -0.059356 -0.007856 0.007086, -0.059340 -0.007315 0.007578, -0.059333 0.010231 0.008106, -0.059308 0.011367 0.007572, -0.059291 0.010388 0.008083,
 -0.059225 -0.006589 0.008052, -0.059213 -0.008030 0.007069, -0.059149 0.011606 0.007540, -0.059149 -0.006784 0.008022, -0.059143 0.005665 0.008754,
 -0.059140 -0.001600 0.008760, -0.059127 0.010833 0.008015, -0.059127 -0.008127 0.007059, -0.059116 0.012139 0.007058, -0.059046 -0.007743 0.007522,
 -0.059045 0.002032 0.008927, -0.058972 -0.005156 0.006565, -0.058966 -0.005000 0.006582, -0.058966 0.009000 0.006582, -0.058956 0.009503 0.006526,
 -0.058950 -0.010110 0.004500, -0.058950 0.014110 0.004500, -0.058939 -0.007199 0.007957, -0.058936 -0.005655 0.006508, -0.058915 -0.007902 0.007501,
 -0.058914 -0.005781 0.006493, -0.058914 0.009781 0.006493, -0.058911 0.011245 0.007949, -0.058891 -0.005386 0.008543, -0.058891 0.009386 0.008543,
 -0.058887 -0.005712 0.008490, -0.058884 -0.005319 0.008556, -0.058879 0.009803 0.008475, -0.058872 0.009964 0.006471, -0.058832 -0.006120 0.008421,
 -0.058828 -0.008422 0.007029, -0.058825 0.012000 0.007487, -0.058820 -0.006140 0.006450, -0.058813 0.010208 0.008406, -0.058788 -0.005216 0.006812,
 -0.058783 -0.005068 0.006831, -0.058783 0.009068 0.006831, -0.058778 0.010343 0.008382, -0.058771 0.011457 0.007914, -0.058771 0.009542 0.006768,
 -0.058752 -0.005685 0.006748, -0.058724 -0.006516 0.008351, -0.058717 0.012519 0.007019, -0.058709 0.010431 0.006413, -0.058690 0.009975 0.006706,
 -0.058687 -0.001697 0.007065, -0.058680 -0.007579 0.007894, -0.058674 0.005455 0.007088, -0.058661 -0.006683 0.008320, -0.058660 0.010536 0.006400,
 -0.058644 0.010725 0.008312, -0.058640 -0.006140 0.006682, -0.058625 -0.006604 0.006391, -0.058600 0.005725 0.009064, -0.058596 -0.001659 0.009071,
 -0.058580 0.001878 0.007250, -0.058564 -0.007719 0.007870, -0.058563 -0.008256 0.007452, -0.058555 -0.005269 0.007015, -0.058551 -0.005134 0.007036,
 -0.058551 0.009134 0.007036, -0.058540 0.009570 0.006968, -0.058534 0.010412 0.006641, -0.058522 -0.005702 0.006947, -0.058517 -0.009360 0.003000,
 -0.058517 0.013360 0.003000, -0.058503 -0.001733 0.007317, -0.058501 0.002032 0.009241, -0.058490 0.005488 0.007341, -0.058487 -0.007040 0.008253,
 -0.058486 0.011807 0.007855, -0.058476 0.010859 0.006357, -0.058466 0.009969 0.006902, -0.058464 0.011080 0.008245, -0.058461 0.012343 0.007440,
 -0.058455 -0.006574 0.006616, -0.058450 0.012725 0.006998, -0.058444 0.010905 0.006351, -0.058421 -0.006121 0.006876, -0.058400 -0.008760 0.006994,
 -0.058396 0.001877 0.007503, -0.058367 -0.007014 0.006336, -0.058347 0.011263 0.008210, -0.058324 0.010372 0.006832, -0.058314 0.010813 0.006578,
 -0.058295 -0.005752 0.008676, -0.058293 -0.005488 0.008725, -0.058293 0.009488 0.008725, -0.058291 0.009826 0.008662, -0.058286 -0.005419 0.008738,
 -0.058285 0.010856 0.006571, -0.058284 -0.005315 0.007166, -0.058279 -0.005193 0.007188, -0.058279 0.009193 0.007188, -0.058273 0.009586 0.007118,
 -0.058271 -0.007368 0.008189, -0.058270 -0.001768 0.007526, -0.058260 -0.006085 0.008612, -0.058258 -0.005705 0.007097, -0.058257 0.005521 0.007550,
 -0.058254 -0.008033 0.007815, -0.058251 -0.006522 0.006805, -0.058246 0.010157 0.008598, -0.058233 0.012868 0.006982, -0.058233 -0.008868 0.006982,
 -0.058221 0.010267 0.008576, -0.058218 0.012529 0.007413, -0.058212 -0.006958 0.006554, -0.058210 -0.008883 0.006981, -0.058210 0.009947 0.007052,
 -0.058209 -0.007208 0.006309, -0.058209 0.011208 0.006309, -0.058181 -0.006409 0.008547, -0.058174 -0.007489 0.008164, -0.058173 -0.008560 0.007409,
 -0.058170 -0.006085 0.007025, -0.058165 0.012110 0.007802, -0.058163 0.001875 0.007713, -0.058146 0.011277 0.006300, -0.058134 -0.006548 0.008519,
 -0.058122 0.010742 0.006765, -0.058120 0.010582 0.008512, -0.058108 0.011565 0.008149, -0.058095 0.010782 0.006758, -0.058085 0.010312 0.006981,
 -0.058059 -0.007365 0.006287, -0.058029 -0.006876 0.006740, -0.058021 -0.006448 0.006954, -0.058004 0.011204 0.006513, -0.058003 0.005776 0.009255,
 -0.058000 -0.008671 0.007392, -0.058000 -0.006843 0.008457, -0.058000 -0.001709 0.009261, -0.057999 -0.001799 0.007681, -0.057995 0.013006 0.006967,
 -0.057986 -0.005351 0.007258, -0.057985 0.005550 0.007705, -0.057983 0.010876 0.008450, -0.057980 0.009590 0.007212, -0.057980 -0.005244 0.007278,
 -0.057980 0.009244 0.007278, -0.057969 -0.005695 0.007192, -0.057951 0.012275 0.007772, -0.057931 0.009909 0.007149, -0.057923 -0.007286 0.006499,
 -0.057913 -0.007761 0.008109, -0.057911 -0.008303 0.007767, -0.057907 0.010648 0.006913, -0.057905 0.002033 0.009434, -0.057899 -0.006031 0.007124,
 -0.057891 0.001874 0.007870, -0.057891 0.011029 0.008416, -0.057883 0.010685 0.006905, -0.057839 0.011102 0.006697, -0.057838 0.011828 0.008095,
 -0.057832 -0.007117 0.008397, -0.057828 0.010234 0.007081, -0.057824 -0.006770 0.006887, -0.057805 0.012783 0.007376, -0.057798 0.011593 0.006254,
 -0.057774 -0.006356 0.007055, -0.057764 -0.007178 0.006682, -0.057760 -0.008402 0.007749, -0.057755 -0.007219 0.008375, -0.057746 -0.009129 0.006954,
 -0.057736 0.011639 0.006248, -0.057703 0.011282 0.008360, -0.057701 -0.007665 0.006244, -0.057700 -0.001826 0.007776, -0.057687 0.005575 0.007801,
 -0.057678 0.011498 0.006463, -0.057678 -0.005767 0.008739, -0.057677 0.009823 0.008727, -0.057676 0.010535 0.007016, -0.057675 0.009581 0.007246,
 -0.057675 -0.005375 0.007287, -0.057669 -0.005671 0.007228, -0.057667 -0.005568 0.008778, -0.057667 -0.005284 0.007305, -0.057667 0.009284 0.007305,
 -0.057667 0.009568 0.008778, -0.057663 -0.006022 0.008687, -0.057660 -0.005498 0.008791, -0.057657 0.011971 0.008065, -0.057656 0.010568 0.007009,
 -0.057655 0.010078 0.008676, -0.057655 0.010977 0.006844, -0.057641 0.009857 0.007190, -0.057641 0.010163 0.008658, -0.057623 -0.007995 0.008059,
 -0.057620 0.011541 0.006455, -0.057616 -0.006274 0.008635, -0.057616 -0.005964 0.007167, -0.057605 -0.006645 0.006992, -0.057593 0.001874 0.007967,
 -0.057588 0.012500 0.007731, -0.057588 -0.007046 0.006829, -0.057587 -0.007565 0.006451, -0.057586 -0.006382 0.008612, -0.057584 0.011743 0.006232,
 -0.057584 -0.007743 0.006232, -0.057579 -0.008894 0.007360, -0.057577 0.010409 0.008606, -0.057560 0.010141 0.007129, -0.057549 -0.007448 0.008323,
 -0.057540 0.011375 0.006643, -0.057527 -0.010699 0.004500, -0.057527 0.014699 0.004500, -0.057518 0.013225 0.006943, -0.057517 -0.006248 0.007106,
 -0.057508 0.007600 0.007591, -0.057508 -0.003818 0.009075, -0.057508 -0.003600 0.007591, -0.057508 0.007818 0.009075, -0.057496 -0.006616 0.008561,
 -0.057495 -0.008081 0.008041, -0.057489 0.011504 0.008310, -0.057487 0.011415 0.006635, -0.057484 0.010642 0.008555, -0.057458 0.010831 0.006949,
 -0.057457 -0.007436 0.006631, -0.057437 0.010406 0.007071, -0.057420 0.010435 0.007065, -0.057420 0.010764 0.008528, -0.057400 -0.006894 0.006935,
 -0.057389 -0.008599 0.007713, -0.057388 -0.001847 0.007807, -0.057387 0.011226 0.006789, -0.057379 0.005817 0.009317, -0.057378 -0.006835 0.008512,
 -0.057378 -0.006503 0.007049, -0.057375 -0.001749 0.009324, -0.057375 0.005595 0.007832, -0.057373 0.012980 0.007347, -0.057350 0.012166 0.008023,
 -0.057346 0.011881 0.006212, -0.057344 0.011625 0.008281, -0.057339 0.011262 0.006781, -0.057323 -0.006917 0.008494, -0.057317 -0.007646 0.008277,
 -0.057313 -0.007282 0.006777, -0.057312 -0.007898 0.006209, -0.057306 0.000055 0.009453, -0.057306 0.000127 0.007954, -0.057306 0.003872 0.007954,
 -0.057306 0.003945 0.009453, -0.057303 -0.009862 0.003000, -0.057303 0.013862 0.003000, -0.057286 0.010968 0.008482, -0.057281 0.001873 0.008000,
 -0.057281 0.002033 0.009500, -0.057257 -0.009316 0.006933, -0.057256 0.011766 0.006415, -0.057255 0.010669 0.007011, -0.057225 0.011056 0.006897,
 -0.057224 -0.007783 0.006413, -0.057214 -0.007718 0.008259, -0.057208 0.012675 0.007698, -0.057206 -0.006725 0.006998, -0.057205 0.013332 0.006931,
 -0.057183 0.011089 0.006889, -0.057181 -0.008252 0.008004, -0.057173 -0.007102 0.008451, -0.057164 -0.009344 0.006930, -0.057164 0.013344 0.006930,
 -0.057160 -0.007108 0.006885, -0.057153 0.011622 0.006593, -0.057137 -0.009062 0.007334, -0.057129 0.011148 0.008440, -0.057123 -0.007637 0.006590,
 -0.057097 0.011791 0.008242, -0.057089 0.013076 0.007332, -0.057058 0.010871 0.006964, -0.057040 0.011453 0.006738, -0.057027 0.012319 0.007989,
 -0.057022 0.010901 0.006957, -0.057022 0.011248 0.008416, -0.057015 -0.009384 0.006925, -0.057013 -0.007467 0.006735, -0.057002 -0.007264 0.008412,
 -0.057002 -0.006917 0.006953, -0.057000 -0.008747 0.007685, -0.056961 -0.007864 0.008225, -0.056958 0.012760 0.007682, -0.056929 0.012057 0.006185,
 -0.056925 -0.007324 0.008398, -0.056920 0.011263 0.006848, -0.056917 -0.009123 0.007325, -0.056896 -0.007275 0.006845, -0.056894 -0.008069 0.006183,
 -0.056867 0.011931 0.006386, -0.056857 0.012080 0.006181, -0.056851 -0.008382 0.007975, -0.056837 0.011384 0.008384, -0.056836 0.011921 0.008211,
 -0.056834 -0.007942 0.006384, -0.056833 -0.006603 0.008564, -0.056833 -0.006280 0.007099, -0.056833 0.010603 0.008564, -0.056815 0.012393 0.007973,
 -0.056807 -0.008802 0.007674, -0.056799 0.011952 0.006382, -0.056796 0.011057 0.006920, -0.056796 0.011774 0.006561, -0.056776 -0.007068 0.006917,
 -0.056765 -0.007785 0.006559, -0.056734 -0.007445 0.008369, -0.056733 0.011795 0.006557, -0.056718 0.011592 0.006706, -0.056702 0.013449 0.006918,
 -0.056693 -0.007975 0.008198, -0.056691 -0.007602 0.006704, -0.056687 -0.008429 0.007965, -0.056664 0.011984 0.008195, -0.056662 0.011611 0.006702,
 -0.056640 0.011492 0.008357, -0.056636 0.011390 0.006817, -0.056634 0.013181 0.007316, -0.056612 -0.007398 0.006815, -0.056586 0.011407 0.006813,
 -0.056559 -0.008015 0.008188, -0.056558 0.012854 0.007665, -0.056552 0.011172 0.006892, -0.056531 -0.007537 0.008346, -0.056531 -0.007179 0.006890,
 -0.056512 -0.009477 0.006915, -0.056509 0.011187 0.006888, -0.056509 0.011545 0.008345, -0.056475 0.012475 0.007955, -0.056463 -0.009206 0.007312,
 -0.056443 -0.008175 0.006167, -0.056429 -0.007570 0.008338, -0.056421 0.012178 0.006166, -0.056413 -0.008040 0.006365, -0.056407 -0.008876 0.007660,
 -0.056393 0.012044 0.006365, -0.056387 0.012054 0.008178, -0.056380 -0.007876 0.006540, -0.056361 0.011879 0.006539, -0.056347 -0.008494 0.007950,
 -0.056343 -0.007686 0.006685, -0.056326 0.011688 0.006684, -0.056304 -0.007475 0.006797, -0.056297 0.011603 0.008330, -0.056289 0.011477 0.006796,
 -0.056283 -0.008070 0.008174, -0.056264 -0.007249 0.006873, -0.056251 0.011251 0.006872, -0.056217 -0.007617 0.008327, -0.056193 0.013503 0.006912,
 -0.056175 0.013230 0.007308, -0.056154 0.012897 0.007656, -0.056131 0.012512 0.007946, -0.056107 0.012086 0.008170, -0.056082 0.011630 0.008323,
 -0.056000 -0.010900 0.004500, -0.056000 -0.010034 0.003000, -0.056000 -0.009508 0.006911, -0.056000 -0.009234 0.007308, -0.056000 -0.009156 0.007400,
 -0.056000 -0.008901 0.007656, -0.056000 -0.008714 0.007808, -0.056000 -0.008516 0.007945, -0.056000 -0.008209 0.006161, -0.056000 -0.008199 0.008120,
 -0.056000 -0.008089 0.008170, -0.056000 -0.008072 0.006360, -0.056000 -0.008033 0.006405, -0.056000 -0.007905 0.006533, -0.056000 -0.007812 0.006610,
 -0.056000 -0.007713 0.006678, -0.056000 -0.007632 0.008323, -0.056000 -0.007554 0.006766, -0.056000 -0.007499 0.006790, -0.056000 -0.007271 0.006867,
 -0.056000 0.011271 0.006867, -0.056000 0.011499 0.006790, -0.056000 0.011554 0.006766, -0.056000 0.011632 0.008323, -0.056000 0.011713 0.006678,
 -0.056000 0.011812 0.006610, -0.056000 0.011905 0.006533, -0.056000 0.012033 0.006405, -0.056000 0.012072 0.006360, -0.056000 0.012089 0.008170,
 -0.056000 0.012209 0.006161, -0.056000 0.012516 0.007945, -0.056000 0.012714 0.007808, -0.056000 0.012901 0.007656, -0.056000 0.013234 0.007308,
 -0.056000 0.013508 0.006911, -0.056000 0.014034 0.003000, -0.056000 0.014900 0.004500, -0.006658 0.014900 0.004500, -0.006250 0.014183 0.005743,
 -0.006189 0.014942 0.004500, -0.006130 0.014953 0.004500, -0.006130 0.017000 0.004500, -0.005932 0.014998 0.004507, -0.005637 0.015079 0.004541,
 -0.005616 0.014370 0.005573, -0.005593 0.013508 0.006911, -0.005466 0.017000 0.004574, -0.005465 0.015136 0.004575, -0.005248 0.015217 0.004633,
 -0.005227 0.013355 0.007150, -0.005190 0.015241 0.004651, -0.005050 0.013731 0.006660, -0.005014 0.014683 0.005489, -0.004943 0.013789 0.006619,
 -0.004835 0.017000 0.004794, -0.004820 0.013181 0.007371, -0.004793 0.015429 0.004815, -0.004644 0.013655 0.006874, -0.004637 0.015516 0.004898,
 -0.004531 0.014062 0.006489, -0.004477 0.015104 0.005497, -0.004393 0.015670 0.005054, -0.004370 0.012986 0.007577, -0.004336 0.014222 0.006444,
 -0.004304 0.013491 0.007121, -0.004269 0.017000 0.005147, -0.004268 0.015758 0.005148, -0.004127 0.015868 0.005267, -0.004093 0.014075 0.006711,
 -0.004060 0.014486 0.006404, -0.004035 0.015944 0.005353, -0.004032 0.015612 0.005595, -0.003919 0.013296 0.007359, -0.003876 0.012771 0.007764,
 -0.003811 0.013894 0.006975, -0.003810 0.014777 0.006397, -0.003794 0.017000 0.005618, -0.003766 0.017000 0.004500, -0.003727 0.016247 0.005704,
 -0.003720 0.012703 0.007817, -0.003719 0.016256 0.005715, -0.003701 0.016181 0.005778, -0.003659 0.014984 0.006411, -0.003638 0.017000 0.003525,
 -0.003638 0.017000 0.005475, -0.003607 0.014593 0.006670, -0.003490 0.013071 0.007585, -0.003486 0.013674 0.007234, -0.003440 0.016625 0.006173,
 -0.003436 0.016632 0.006181, -0.003436 0.017000 0.006181, -0.003401 0.015419 0.006482, -0.003367 0.014370 0.006941, -0.003354 0.012998 0.007648,
 -0.003346 0.015532 0.006508, -0.003262 0.017000 0.002617, -0.003262 0.017000 0.006383, -0.003211 0.015179 0.006755, -0.003170 0.012463 0.007978,
 -0.003135 0.016106 0.006692, -0.003116 0.013418 0.007481, -0.003086 0.014106 0.007205, -0.002997 0.013334 0.007552, -0.002991 0.014898 0.007020,
 -0.002929 0.015799 0.006960, -0.002918 0.017000 0.006973, -0.002868 0.012735 0.007849, -0.002765 0.013801 0.007457, -0.002736 0.014575 0.007274,
 -0.002702 0.015452 0.007208, -0.002663 0.017000 0.001837, -0.002663 0.017000 0.007163, -0.002661 0.013703 0.007529, -0.002645 0.018121 0.004500,
 -0.002616 0.012225 0.008107, -0.002571 0.013032 0.007774, -0.002555 0.018121 0.003815, -0.002555 0.018121 0.005185, -0.002449 0.015062 0.007438,
 -0.002447 0.014210 0.007514, -0.002373 0.012465 0.008014, -0.002354 0.014094 0.007581, -0.002290 0.018121 0.003178, -0.002290 0.018121 0.005822,
 -0.002287 0.013349 0.007756, -0.002222 0.017000 0.007613, -0.002221 0.014707 0.007614, -0.002172 0.014631 0.007648, -0.002168 0.018743 0.004500,
 -0.002133 0.012721 0.007959, -0.002094 0.018743 0.003939, -0.002094 0.018743 0.005061, -0.002085 0.014496 0.007707, -0.002063 0.011994 0.008208,
 -0.002020 0.013680 0.007794, -0.001899 0.012988 0.007944, -0.001883 0.017000 0.001238, -0.001883 0.017000 0.007762, -0.001878 0.018743 0.003416,
 -0.001878 0.018743 0.005584, -0.001875 0.012199 0.008144, -0.001870 0.018121 0.002630, -0.001870 0.018121 0.006370, -0.001868 0.019466 0.004500,
 -0.001805 0.019466 0.004016, -0.001805 0.019466 0.004984, -0.001777 0.014017 0.007887, -0.001766 0.020243 0.004500, -0.001766 0.022000 0.004500,
 -0.001706 0.020243 0.004043, -0.001706 0.020243 0.004957, -0.001706 0.022000 0.004043, -0.001706 0.022000 0.004957, -0.001689 0.012412 0.008105,
 -0.001676 0.013262 0.007968, -0.001618 0.019466 0.003566, -0.001618 0.019466 0.005434, -0.001533 0.018743 0.002967, -0.001533 0.018743 0.006033,
 -0.001529 0.020243 0.003617, -0.001529 0.020243 0.005383, -0.001529 0.022000 0.003617, -0.001529 0.022000 0.005383, -0.001521 0.011780 0.008282,
 -0.001506 0.012630 0.008092, -0.001466 0.013541 0.008033, -0.001390 0.013425 0.008063, -0.001390 0.017000 0.008064, -0.001384 0.011948 0.008240,
 -0.001328 0.012853 0.008106, -0.001322 0.018121 0.002210, -0.001322 0.018121 0.006790, -0.001321 0.019466 0.003179, -0.001321 0.019466 0.005821,
 -0.001249 0.020243 0.003251, -0.001249 0.020243 0.005749, -0.001249 0.022000 0.003251, -0.001249 0.022000 0.005749, -0.001248 0.012120 0.008213,
 -0.001156 0.013078 0.008146, -0.001114 0.012295 0.008202, -0.001107 0.011632 0.008323, -0.001084 0.018743 0.002622, -0.001084 0.018743 0.006378,
 -0.001008 0.011774 0.008293, -0.000982 0.012472 0.008208, -0.000975 0.017000 0.000862, -0.000975 0.017000 0.008138, -0.000934 0.019466 0.002882,
 -0.000934 0.019466 0.006118, -0.000910 0.011917 0.008273, -0.000883 0.020243 0.002971, -0.000883 0.020243 0.006029, -0.000883 0.022000 0.002971,
 -0.000883 0.022000 0.006029, -0.000852 0.012650 0.008229, -0.000847 0.011490 0.008358, -0.000812 0.012062 0.008264, -0.000716 0.012208 0.008264,
 -0.000685 0.018121 0.001945, -0.000685 0.018121 0.007055, -0.000659 0.011843 0.008300, -0.000620 0.012355 0.008274, -0.000611 0.024000 0.004500,
 -0.000591 0.024000 0.004342, -0.000591 0.024000 0.004658, -0.000588 0.011385 0.008383, -0.000561 0.018743 0.002406, -0.000561 0.018743 0.006594,
 -0.000529 0.024000 0.004194, -0.000529 0.024000 0.004806, -0.000522 0.011365 0.008388, -0.000484 0.019466 0.002695, -0.000484 0.019466 0.006305,
 -0.000475 0.012202 0.008295, -0.000473 0.017000 0.008296, -0.000458 0.011734 0.008324, -0.000457 0.020243 0.002794, -0.000457 0.020243 0.006206,
 -0.000457 0.022000 0.002794, -0.000457 0.022000 0.006206, -0.000432 0.024000 0.004068, -0.000432 0.024000 0.004932, -0.000406 0.011713 0.008328,
 -0.000329 0.012089 0.008311, -0.000306 0.024000 0.003971, -0.000306 0.024000 0.005029, -0.000296 0.011312 0.008401, -0.000293 0.012067 0.008314,
 -0.000231 0.011659 0.008340, -0.000166 0.012010 0.008321, -0.000158 0.024000 0.003909, -0.000158 0.024000 0.005091, -0.000074 0.011289 0.008407,
 -0.000058 0.011634 0.008345, -0.000042 0.011985 0.008325, 0.000000 0.017000 0.000734, 0.000000 0.017000 0.008266, 0.000000 0.018121 0.001855,
 0.000000 0.018121 0.007145, 0.000000 0.018743 0.002332, 0.000000 0.018743 0.006668, 0.000000 0.019466 0.002632, 0.000000 0.019466 0.006368,
 0.000000 0.020243 0.002734, 0.000000 0.020243 0.006266, 0.000000 0.022000 0.002734, 0.000000 0.022000 0.006266, 0.000000 0.024000 0.003889,
 0.000000 0.024000 0.004500, 0.000000 0.024000 0.005111, 0.000016 0.011984 0.008325, 0.000022 0.011633 0.008346, 0.000028 0.011287 0.008407,
 0.000139 0.012002 0.008322, 0.000158 0.024000 0.003909, 0.000158 0.024000 0.005091, 0.000194 0.011651 0.008342, 0.000249 0.011305 0.008403,
 0.000263 0.012051 0.008316, 0.000306 0.024000 0.003971, 0.000306 0.024000 0.005029, 0.000323 0.012085 0.008311, 0.000365 0.011697 0.008332,
 0.000432 0.024000 0.004068, 0.000432 0.024000 0.004932, 0.000449 0.011730 0.008324, 0.000457 0.020243 0.002794, 0.000457 0.020243 0.006206,
 0.000457 0.022000 0.002794, 0.000457 0.022000 0.006206, 0.000462 0.012190 0.008297, 0.000469 0.011350 0.008392, 0.000473 0.017000 0.008296,
 0.000484 0.019466 0.002695, 0.000484 0.019466 0.006305, 0.000529 0.024000 0.004194, 0.000529 0.024000 0.004806, 0.000561 0.018743 0.002406,
 0.000561 0.018743 0.006594, 0.000576 0.011381 0.008384, 0.000591 0.024000 0.004342, 0.000591 0.024000 0.004658, 0.000611 0.024000 0.004500,
 0.000620 0.012355 0.008274, 0.000641 0.011832 0.008302, 0.000685 0.018121 0.001945, 0.000685 0.018121 0.007055, 0.000716 0.012208 0.008264,
 0.000824 0.011479 0.008361, 0.000861 0.011990 0.008267, 0.000883 0.020243 0.002971, 0.000883 0.020243 0.006029, 0.000883 0.022000 0.002971,
 0.000883 0.022000 0.006029, 0.000892 0.012703 0.008220, 0.000934 0.019466 0.002882, 0.000934 0.019466 0.006118, 0.000975 0.017000 0.000862,
 0.000975 0.017000 0.008138, 0.001008 0.011774 0.008293, 0.001026 0.012519 0.008196, 0.001084 0.018743 0.002622, 0.001084 0.018743 0.006378,
 0.001107 0.011632 0.008323, 0.001165 0.012337 0.008190, 0.001232 0.013190 0.008121, 0.001249 0.020243 0.003251, 0.001249 0.020243 0.005749,
 0.001249 0.022000 0.003251, 0.001249 0.022000 0.005749, 0.001305 0.012157 0.008201, 0.001321 0.019466 0.003179, 0.001321 0.019466 0.005821,
 0.001322 0.018121 0.002210, 0.001322 0.018121 0.006790, 0.001390 0.013425 0.008064, 0.001390 0.017000 0.008064, 0.001413 0.012952 0.008075,
 0.001448 0.011979 0.008229, 0.001529 0.020243 0.003617, 0.001529 0.020243 0.005383, 0.001529 0.022000 0.003617, 0.001529 0.022000 0.005383,
 0.001533 0.018743 0.002967, 0.001533 0.018743 0.006033, 0.001575 0.013707 0.007986, 0.001591 0.011806 0.008274, 0.001603 0.012717 0.008059,
 0.001618 0.019466 0.003566, 0.001618 0.019466 0.005434, 0.001706 0.020243 0.004043, 0.001706 0.020243 0.004957, 0.001706 0.022000 0.004043,
 0.001706 0.022000 0.004957, 0.001766 0.020243 0.004500, 0.001766 0.022000 0.004500, 0.001797 0.013408 0.007912, 0.001798 0.012487 0.008072,
 0.001805 0.019466 0.004016, 0.001805 0.019466 0.004984, 0.001868 0.019466 0.004500, 0.001870 0.018121 0.002630, 0.001870 0.018121 0.006370,
 0.001878 0.018743 0.003416, 0.001878 0.018743 0.005584, 0.001883 0.017000 0.001238, 0.001883 0.017000 0.007762, 0.001896 0.014202 0.007822,
 0.001997 0.012264 0.008115, 0.002036 0.013114 0.007882, 0.002094 0.018743 0.003939, 0.002094 0.018743 0.005061, 0.002150 0.013840 0.007717,
 0.002168 0.018743 0.004500, 0.002181 0.014645 0.007642, 0.002199 0.012050 0.008186, 0.002222 0.017000 0.007613, 0.002287 0.012830 0.007898,
 0.002290 0.018121 0.003178, 0.002290 0.018121 0.005822, 0.002433 0.013487 0.007673, 0.002447 0.015059 0.007440, 0.002456 0.014222 0.007507,
 0.002547 0.012560 0.007960, 0.002555 0.018121 0.003815, 0.002555 0.018121 0.005185, 0.002645 0.018121 0.004500, 0.002663 0.017000 0.001837,
 0.002663 0.017000 0.007163, 0.002694 0.015440 0.007215, 0.002734 0.014572 0.007276, 0.002737 0.013150 0.007693, 0.002775 0.013811 0.007450,
 0.002810 0.012308 0.008065, 0.002903 0.015760 0.006990, 0.002918 0.017000 0.006973, 0.002983 0.014889 0.007028, 0.003056 0.012837 0.007776,
 0.003084 0.014104 0.007207, 0.003103 0.016059 0.006737, 0.003128 0.013426 0.007474, 0.003135 0.016106 0.006692, 0.003187 0.015147 0.006787,
 0.003262 0.017000 0.002617, 0.003262 0.017000 0.006383, 0.003346 0.015532 0.006508, 0.003358 0.014363 0.006949, 0.003372 0.015383 0.006527,
 0.003383 0.012556 0.007919, 0.003401 0.015419 0.006482, 0.003436 0.016632 0.006181, 0.003436 0.017000 0.006181, 0.003440 0.016625 0.006173,
 0.003483 0.013673 0.007236, 0.003504 0.013078 0.007578, 0.003580 0.014569 0.006703, 0.003638 0.017000 0.003525, 0.003638 0.017000 0.005475,
 0.003659 0.014984 0.006411, 0.003694 0.016163 0.005799, 0.003719 0.016256 0.005715, 0.003727 0.016247 0.005704, 0.003766 0.017000 0.004500,
 0.003780 0.014750 0.006442, 0.003794 0.017000 0.005618, 0.003802 0.013887 0.006983, 0.003810 0.014777 0.006397, 0.003892 0.012777 0.007759,
 0.003916 0.013295 0.007361, 0.004016 0.015961 0.005372, 0.004024 0.015595 0.005618, 0.004060 0.014486 0.006404, 0.004062 0.014055 0.006743,
 0.004127 0.015868 0.005267, 0.004267 0.015758 0.005148, 0.004269 0.017000 0.005147, 0.004292 0.013485 0.007128, 0.004299 0.014200 0.006488,
 0.004336 0.014222 0.006444, 0.004367 0.012984 0.007578, 0.004393 0.015670 0.005054, 0.004468 0.015087 0.005522, 0.004531 0.014062 0.006489,
 0.004605 0.013637 0.006904, 0.004637 0.015515 0.004898, 0.004748 0.015453 0.004838, 0.004807 0.013175 0.007378, 0.004835 0.017000 0.004794,
 0.004897 0.013769 0.006661, 0.004943 0.013789 0.006619, 0.005004 0.014665 0.005518, 0.005050 0.013731 0.006660, 0.005180 0.013335 0.007177,
 0.005190 0.015241 0.004651, 0.005248 0.015217 0.004633, 0.005465 0.015136 0.004575, 0.005466 0.017000 0.004574, 0.005536 0.013484 0.006951,
 0.005593 0.013508 0.006911, 0.005603 0.014352 0.005603, 0.005659 0.015073 0.004537, 0.005932 0.014998 0.004507, 0.006130 0.014953 0.004500,
 0.006130 0.017000 0.004500, 0.006235 0.014163 0.005776, 0.006599 0.014901 0.004500, 0.006658 0.014900 0.004500, 0.056000 -0.010900 0.004500,
 0.056000 -0.010034 0.003000, 0.056000 -0.009508 0.006911, 0.056000 -0.009234 0.007308, 0.056000 -0.009156 0.007400, 0.056000 -0.008901 0.007656,
 0.056000 -0.008714 0.007808, 0.056000 -0.008516 0.007945, 0.056000 -0.008209 0.006161, 0.056000 -0.008199 0.008120, 0.056000 -0.008089 0.008170,
 0.056000 -0.008072 0.006360, 0.056000 -0.008033 0.006405, 0.056000 -0.007905 0.006533, 0.056000 -0.007812 0.006610, 0.056000 -0.007713 0.006678,
 0.056000 -0.007632 0.008323, 0.056000 -0.007554 0.006766, 0.056000 -0.007499 0.006790, 0.056000 -0.007271 0.006867, 0.056000 0.011271 0.006867,
 0.056000 0.011499 0.006790, 0.056000 0.011554 0.006766, 0.056000 0.011632 0.008323, 0.056000 0.011713 0.006678, 0.056000 0.011812 0.006610,
 0.056000 0.011905 0.006533, 0.056000 0.012033 0.006405, 0.056000 0.012072 0.006360, 0.056000 0.012089 0.008170, 0.056000 0.012199 0.008120,
 0.056000 0.012209 0.006161, 0.056000 0.012516 0.007945, 0.056000 0.012714 0.007808, 0.056000 0.012901 0.007656, 0.056000 0.013234 0.007308,
 0.056000 0.013508 0.006911, 0.056000 0.014034 0.003000, 0.056000 0.014900 0.004500, 0.056082 -0.007630 0.008323, 0.056107 -0.008086 0.008170,
 0.056131 -0.008512 0.007946, 0.056154 -0.008897 0.007656, 0.056175 -0.009230 0.007308, 0.056193 -0.009503 0.006912, 0.056217 0.011617 0.008327,
 0.056251 -0.007251 0.006872, 0.056264 0.011249 0.006873, 0.056283 0.012070 0.008174, 0.056289 -0.007477 0.006796, 0.056297 -0.007603 0.008330,
 0.056304 0.011475 0.006797, 0.056326 -0.007688 0.006684, 0.056343 0.011686 0.006685, 0.056347 0.012494 0.007950, 0.056361 -0.007879 0.006539,
 0.056380 0.011876 0.006540, 0.056387 -0.008054 0.008178, 0.056393 -0.008044 0.006365, 0.056407 0.012876 0.007660, 0.056413 0.012040 0.006365,
 0.056421 -0.008178 0.006166, 0.056429 0.011570 0.008338, 0.056443 0.012175 0.006167, 0.056463 0.013206 0.007312, 0.056475 -0.008475 0.007955,
 0.056509 -0.007545 0.008345, 0.056509 -0.007187 0.006888, 0.056512 0.013477 0.006915, 0.056531 0.011179 0.006890, 0.056531 0.011537 0.008346,
 0.056552 -0.007172 0.006892, 0.056558 -0.008854 0.007665, 0.056559 0.012015 0.008188, 0.056586 -0.007407 0.006813, 0.056612 0.011398 0.006815,
 0.056634 -0.009181 0.007316, 0.056636 -0.007390 0.006817, 0.056640 -0.007492 0.008357, 0.056662 -0.007611 0.006702, 0.056664 -0.007984 0.008195,
 0.056687 0.012429 0.007965, 0.056691 0.011602 0.006704, 0.056693 0.011975 0.008198, 0.056702 -0.009449 0.006918, 0.056718 -0.007592 0.006706,
 0.056733 -0.007795 0.006557, 0.056734 0.011445 0.008369, 0.056765 0.011785 0.006559, 0.056776 0.011068 0.006917, 0.056796 -0.007774 0.006561,
 0.056796 -0.007057 0.006920, 0.056799 -0.007952 0.006382, 0.056807 0.012802 0.007674, 0.056815 -0.008393 0.007973, 0.056833 -0.006603 0.008564,
 0.056833 0.010280 0.007099, 0.056833 0.010603 0.008564, 0.056834 0.011942 0.006384, 0.056836 -0.007921 0.008211, 0.056837 -0.007384 0.008384,
 0.056851 0.012382 0.007975, 0.056857 -0.008080 0.006181, 0.056867 -0.007931 0.006386, 0.056894 0.012069 0.006183, 0.056896 0.011275 0.006845,
 0.056917 0.013123 0.007325, 0.056920 -0.007263 0.006848, 0.056925 0.011324 0.008398, 0.056929 -0.008057 0.006185, 0.056958 -0.008760 0.007682,
 0.056961 0.011864 0.008225, 0.057000 0.012747 0.007685, 0.057002 0.010917 0.006953, 0.057002 0.011264 0.008412, 0.057013 0.011467 0.006735,
 0.057015 0.013384 0.006925, 0.057022 -0.007248 0.008416, 0.057022 -0.006901 0.006957, 0.057027 -0.008319 0.007989, 0.057040 -0.007453 0.006738,
 0.057058 -0.006871 0.006964, 0.057089 -0.009076 0.007332, 0.057097 -0.007791 0.008242, 0.057123 0.011637 0.006590, 0.057129 -0.007148 0.008440,
 0.057137 0.013062 0.007334, 0.057153 -0.007622 0.006593, 0.057160 0.011108 0.006885, 0.057164 -0.009344 0.006930, 0.057164 0.013344 0.006930,
 0.057173 0.011102 0.008451, 0.057181 0.012252 0.008004, 0.057183 -0.007089 0.006889, 0.057205 -0.009332 0.006931, 0.057206 0.010725 0.006998,
 0.057208 -0.008675 0.007698, 0.057214 0.011718 0.008259, 0.057224 0.011783 0.006413, 0.057225 -0.007056 0.006897, 0.057255 -0.006669 0.007011,
 0.057256 -0.007766 0.006415, 0.057257 0.013316 0.006933, 0.057281 0.001967 0.009500, 0.057281 0.002127 0.008000, 0.057286 -0.006968 0.008482,
 0.057303 -0.009862 0.003000, 0.057303 0.013862 0.003000, 0.057306 0.000055 0.009453, 0.057306 0.000128 0.007954, 0.057306 0.003873 0.007954,
 0.057306 0.003945 0.009453, 0.057312 0.011898 0.006209, 0.057313 0.011282 0.006777, 0.057317 0.011646 0.008277, 0.057323 0.010917 0.008494,
 0.057339 -0.007262 0.006781, 0.057344 -0.007625 0.008281, 0.057346 -0.007881 0.006212, 0.057350 -0.008166 0.008023, 0.057373 -0.008980 0.007347,
 0.057375 -0.001595 0.007832, 0.057375 0.005749 0.009324, 0.057378 0.010503 0.007049, 0.057378 0.010835 0.008512, 0.057379 -0.001817 0.009317,
 0.057387 -0.007226 0.006789, 0.057388 0.005847 0.007807, 0.057389 0.012599 0.007713, 0.057400 0.010894 0.006935, 0.057420 -0.006764 0.008528,
 0.057420 -0.006435 0.007065, 0.057437 -0.006406 0.007071, 0.057457 0.011436 0.006631, 0.057458 -0.006831 0.006949, 0.057484 -0.006642 0.008555,
 0.057487 -0.007415 0.006635, 0.057489 -0.007504 0.008310, 0.057495 0.012081 0.008041, 0.057496 0.010616 0.008561, 0.057508 -0.003818 0.009075,
 0.057508 0.007600 0.007591, 0.057508 0.007818 0.009075, 0.057508 -0.003600 0.007591, 0.057517 0.010248 0.007106, 0.057518 -0.009225 0.006943,
 0.057527 -0.010699 0.004500, 0.057527 0.014699 0.004500, 0.057540 -0.007375 0.006643, 0.057549 0.011448 0.008323, 0.057560 -0.006141 0.007129,
 0.057577 -0.006409 0.008606, 0.057579 0.012894 0.007360, 0.057584 0.011743 0.006232, 0.057584 -0.007743 0.006232, 0.057586 0.010382 0.008612,
 0.057587 0.011565 0.006451, 0.057588 0.011046 0.006829, 0.057588 -0.008500 0.007731, 0.057593 0.002126 0.007967, 0.057605 0.010645 0.006992,
 0.057616 0.009964 0.007167, 0.057616 0.010274 0.008635, 0.057620 -0.007541 0.006455, 0.057623 0.011995 0.008059, 0.057641 -0.006163 0.008658,
 0.057641 -0.005857 0.007190, 0.057655 -0.006977 0.006844, 0.057655 -0.006078 0.008676, 0.057656 -0.006568 0.007009, 0.057657 -0.007971 0.008065,
 0.057660 0.009498 0.008791, 0.057663 0.010022 0.008687, 0.057667 -0.005568 0.008778, 0.057667 -0.005284 0.007305, 0.057667 0.009284 0.007305,
 0.057667 0.009568 0.008778, 0.057669 0.009671 0.007228, 0.057675 0.009375 0.007287, 0.057675 -0.005581 0.007246, 0.057676 -0.006535 0.007016,
 0.057677 -0.005823 0.008727, 0.057678 0.009767 0.008739, 0.057678 -0.007498 0.006463, 0.057687 -0.001575 0.007801, 0.057700 0.005826 0.007776,
 0.057701 0.011665 0.006244, 0.057703 -0.007282 0.008360, 0.057736 -0.007639 0.006248, 0.057746 0.013129 0.006954, 0.057755 0.011219 0.008375,
 0.057760 0.012402 0.007749, 0.057764 0.011178 0.006682, 0.057774 0.010356 0.007055, 0.057798 -0.007593 0.006254, 0.057805 -0.008783 0.007376,
 0.057824 0.010770 0.006887, 0.057828 -0.006234 0.007081, 0.057832 0.011117 0.008397, 0.057838 -0.007828 0.008095, 0.057839 -0.007102 0.006697,
 0.057883 -0.006685 0.006905, 0.057891 -0.007029 0.008416, 0.057891 0.002126 0.007870, 0.057899 0.010031 0.007124, 0.057905 0.001967 0.009434,
 0.057907 -0.006648 0.006913, 0.057911 0.012303 0.007767, 0.057913 0.011761 0.008109, 0.057923 0.011286 0.006499, 0.057931 -0.005909 0.007149,
 0.057951 -0.008275 0.007772, 0.057969 0.009695 0.007192, 0.057980 -0.005244 0.007278, 0.057980 0.009244 0.007278, 0.057980 -0.005590 0.007212,
 0.057983 -0.006876 0.008450, 0.057985 -0.001550 0.007705, 0.057986 0.009351 0.007258, 0.057995 -0.009006 0.006967, 0.057999 0.005799 0.007681,
 0.058000 0.005709 0.009261, 0.058000 0.010843 0.008457, 0.058000 0.012671 0.007392, 0.058003 -0.001776 0.009255, 0.058004 -0.007204 0.006513,
 0.058021 0.010448 0.006954, 0.058029 0.010876 0.006740, 0.058059 0.011365 0.006287, 0.058085 -0.006312 0.006981, 0.058095 -0.006782 0.006758,
 0.058108 -0.007565 0.008149, 0.058120 -0.006582 0.008512, 0.058122 -0.006742 0.006765, 0.058134 0.010548 0.008519, 0.058146 -0.007277 0.006300,
 0.058163 0.002125 0.007713, 0.058165 -0.008110 0.007802, 0.058170 0.010085 0.007025, 0.058173 0.012560 0.007409, 0.058174 0.011489 0.008164,
 0.058181 0.010409 0.008547, 0.058209 -0.007208 0.006309, 0.058209 0.011208 0.006309, 0.058210 -0.005947 0.007052, 0.058210 0.012883 0.006981,
 0.058212 0.010958 0.006554, 0.058218 -0.008529 0.007413, 0.058221 -0.006267 0.008576, 0.058233 0.012868 0.006982, 0.058233 -0.008868 0.006982,
 0.058246 -0.006157 0.008598, 0.058251 0.010522 0.006805, 0.058254 0.012033 0.007815, 0.058257 -0.001521 0.007550, 0.058258 0.009705 0.007097,
 0.058260 0.010085 0.008612, 0.058270 0.005768 0.007526, 0.058271 0.011368 0.008189, 0.058273 -0.005586 0.007118, 0.058279 -0.005193 0.007188,
 0.058279 0.009193 0.007188, 0.058284 0.009315 0.007166, 0.058285 -0.006856 0.006571, 0.058286 0.009419 0.008738, 0.058291 -0.005826 0.008662,
 0.058293 -0.005488 0.008725, 0.058293 0.009488 0.008725, 0.058295 0.009752 0.008676, 0.058314 -0.006813 0.006578, 0.058324 -0.006372 0.006832,
 0.058347 -0.007263 0.008210, 0.058367 0.011014 0.006336, 0.058396 0.002123 0.007503, 0.058400 0.012760 0.006994, 0.058421 0.010121 0.006876,
 0.058444 -0.006905 0.006351, 0.058450 -0.008725 0.006998, 0.058455 0.010574 0.006616, 0.058461 -0.008343 0.007440, 0.058464 -0.007080 0.008245,
 0.058466 -0.005969 0.006902, 0.058476 -0.006859 0.006357, 0.058486 -0.007807 0.007855, 0.058487 0.011040 0.008253, 0.058490 -0.001488 0.007341,
 0.058501 0.001968 0.009241, 0.058503 0.005733 0.007317, 0.058517 -0.009360 0.003000, 0.058517 0.013360 0.003000, 0.058522 0.009702 0.006947,
 0.058534 -0.006412 0.006641, 0.058540 -0.005570 0.006968, 0.058551 -0.005134 0.007036, 0.058551 0.009134 0.007036, 0.058555 0.009269 0.007015,
 0.058563 0.012256 0.007452, 0.058564 0.011719 0.007870, 0.058580 0.002122 0.007250, 0.058596 0.005659 0.009071, 0.058600 -0.001725 0.009064,
 0.058625 0.010604 0.006391, 0.058640 0.010140 0.006682, 0.058644 -0.006725 0.008312, 0.058660 -0.006536 0.006400, 0.058661 0.010683 0.008320,
 0.058674 -0.001455 0.007088, 0.058680 0.011579 0.007894, 0.058687 0.005697 0.007065, 0.058690 -0.005975 0.006706, 0.058709 -0.006431 0.006413,
 0.058717 -0.008519 0.007019, 0.058724 0.010516 0.008351, 0.058752 0.009685 0.006748, 0.058771 -0.005542 0.006768, 0.058771 -0.007457 0.007914,
 0.058778 -0.006343 0.008382, 0.058783 -0.005068 0.006831, 0.058783 0.009068 0.006831, 0.058788 0.009216 0.006812, 0.058813 -0.006208 0.008406,
 0.058820 0.010140 0.006450, 0.058825 -0.008000 0.007487, 0.058828 0.012422 0.007029, 0.058832 0.010120 0.008421, 0.058872 -0.005964 0.006471,
 0.058879 -0.005803 0.008475, 0.058884 0.009319 0.008556, 0.058887 0.009712 0.008490, 0.058891 -0.005386 0.008543, 0.058891 0.009386 0.008543,
 0.058911 -0.007245 0.007949, 0.058914 -0.005781 0.006493, 0.058914 0.009781 0.006493, 0.058915 0.011902 0.007501, 0.058936 0.009655 0.006508,
 0.058939 0.011199 0.007957, 0.058950 -0.010110 0.004500, 0.058950 0.014110 0.004500, 0.058956 -0.005503 0.006526, 0.058966 -0.005000 0.006582,
 0.058966 0.009000 0.006582, 0.058972 0.009156 0.006565, 0.059045 0.001968 0.008927, 0.059046 0.011743 0.007522, 0.059116 -0.008139 0.007058,
 0.059127 0.012127 0.007059, 0.059127 -0.006833 0.008015, 0.059140 0.005600 0.008760, 0.059143 -0.001665 0.008754, 0.059149 0.010784 0.008022,
 0.059149 -0.007606 0.007540, 0.059213 0.012030 0.007069, 0.059225 0.010589 0.008052, 0.059291 -0.006388 0.008083, 0.059308 -0.007367 0.007572,
 0.059333 -0.006231 0.008106, 0.059340 0.011315 0.007578, 0.059356 0.011856 0.007086, 0.059357 0.010127 0.008121, 0.059416 -0.005756 0.008174,
 0.059426 0.009650 0.008189, 0.059428 0.009201 0.008253, 0.059435 -0.005267 0.008241, 0.059435 0.009267 0.008241, 0.059469 -0.007704 0.007101,
 0.059511 0.001969 0.008507, 0.059554 -0.006902 0.007630, 0.059560 -0.008560 0.003000, 0.059560 0.012560 0.003000, 0.059578 0.010847 0.007637,
 0.059605 0.005536 0.008342, 0.059609 -0.001599 0.008336, 0.059642 -0.007440 0.007126, 0.059664 0.010627 0.007664, 0.059676 0.011383 0.007131,
 0.059739 -0.006399 0.007691, 0.059785 -0.007185 0.007150, 0.059785 0.011185 0.007150, 0.059786 -0.006222 0.007711, 0.059813 0.010106 0.007725,
 0.059879 0.001969 0.008000, 0.059880 -0.005688 0.007772, 0.059890 0.009568 0.007785, 0.059893 0.009071 0.007843, 0.059900 -0.005137 0.007831,
 0.059900 0.009137 0.007831, 0.059906 -0.006929 0.007173, 0.059932 0.010869 0.007179, 0.059973 0.005468 0.007837, 0.059977 -0.001531 0.007831,
 0.060025 0.010627 0.007200, 0.060104 -0.006378 0.007221, 0.060154 -0.006184 0.007238, 0.060169 -0.006117 0.007243, 0.060169 0.010117 0.007243,
 0.060172 -0.009172 0.004500, 0.060172 0.013172 0.004500, 0.060182 0.010057 0.007248, 0.060250 -0.005600 0.007285, 0.060258 0.008936 0.007344,
 0.060260 0.009469 0.007296, 0.060265 -0.005000 0.007332, 0.060265 0.009000 0.007332, 0.060360 -0.007517 0.003000, 0.060360 0.011517 0.003000,
 0.060862 -0.006303 0.003000, 0.060862 0.010303 0.003000, 0.061034 -0.005000 0.003000, 0.061034 0.009000 0.003000, 0.061110 -0.007950 0.004500,
 0.061110 0.011950 0.004500, 0.061699 -0.006527 0.004500, 0.061699 0.010527 0.004500, 0.061900 -0.005000 0.004500, 0.061900 0.009000 0.004500,
 0.062500 -0.015500 0.001500, 0.062500 -0.015500 0.003000, 0.062500 0.015500 0.001500, 0.062500 0.015500 0.003000, 0.064000 -0.017000 0.000000,
 0.064000 -0.017000 0.004500, 0.064000 0.017000 0.000000, 0.064000 0.017000 0.004500
]
}
IndexedFaceSet {
coordIndex [
 912, 873, 910, -1, 910, 873, 871, -1, 910, 871, 865, -1,
 471, 460, 475, -1, 475, 460, 459, -1, 475, 459, 481, -1,
 488, 457, 499, -1, 499, 457, 505, -1, 481, 459, 488, -1,
 488, 459, 458, -1, 488, 458, 457, -1, 505, 457, 524, -1,
 524, 457, 456, -1, 524, 456, 454, -1, 448, 607, 454, -1,
 454, 607, 589, -1, 589, 559, 454, -1, 454, 559, 540, -1,
 454, 540, 524, -1, 1337, 1335, 1336, -1, 1336, 1335, 1334, -1,
 772, 794, 1336, -1, 536, 562, 2, -1, 794, 810, 1336, -1,
 1336, 810, 823, -1, 1336, 823, 829, -1, 472, 503, 467, -1,
 467, 503, 509, -1, 467, 509, 3, -1, 3, 509, 2, -1,
 2, 509, 521, -1, 2, 521, 536, -1, 854, 829, 842, -1,
 842, 829, 824, -1, 522, 531, 537, -1, 537, 531, 551, -1,
 537, 551, 563, -1, 563, 551, 593, -1, 563, 593, 613, -1,
 613, 593, 641, -1, 613, 641, 663, -1, 663, 641, 699, -1,
 663, 699, 725, -1, 725, 699, 743, -1, 725, 743, 773, -1,
 773, 743, 783, -1, 773, 783, 795, -1, 795, 783, 802, -1,
 795, 802, 811, -1, 811, 802, 818, -1, 811, 818, 824, -1,
 824, 818, 831, -1, 824, 831, 842, -1, 562, 612, 2, -1,
 2, 612, 662, -1, 2, 662, 1336, -1, 1336, 662, 724, -1,
 1336, 724, 772, -1, 472, 480, 503, -1, 503, 480, 491, -1,
 503, 491, 510, -1, 510, 491, 502, -1, 510, 502, 522, -1,
 522, 502, 516, -1, 522, 516, 531, -1, 1337, 1336, 870, -1,
 870, 1336, 829, -1, 870, 829, 863, -1, 863, 829, 854, -1,
 1, 3, 0, -1, 0, 3, 2, -1, 1335, 1, 1334, -1,
 1334, 1, 0, -1, 465, 466, 467, -1, 1252, 1311, 1337, -1,
 1337, 1311, 1325, -1, 1337, 1325, 1327, -1, 1310, 1251, 1335, -1,
 1310, 1335, 1324, -1, 11, 13, 3, -1, 3, 13, 27, -1,
 3, 27, 86, -1, 1327, 1329, 1337, -1, 1337, 1329, 1328, -1,
 1337, 1328, 1335, -1, 1335, 1328, 1326, -1, 1335, 1326, 1324, -1,
 276, 85, 1, -1, 1, 85, 26, -1, 1, 26, 12, -1,
 86, 277, 3, -1, 3, 277, 462, -1, 3, 462, 467, -1,
 467, 462, 463, -1, 467, 463, 465, -1, 870, 869, 872, -1,
 872, 873, 870, -1, 870, 873, 912, -1, 870, 912, 1337, -1,
 1337, 912, 1061, -1, 1337, 1061, 1252, -1, 12, 10, 1, -1,
 1, 10, 8, -1, 1, 8, 3, -1, 3, 8, 9, -1,
 3, 9, 11, -1, 1251, 1060, 1335, -1, 1335, 1060, 874, -1,
 1335, 874, 1, -1, 1, 874, 425, -1, 1, 425, 276, -1,
 0, 2, 1334, -1, 1334, 2, 1336, -1, 730, 715, 1056, -1,
 1029, 1005, 971, -1, 971, 1005, 988, -1, 971, 988, 982, -1,
 982, 961, 971, -1, 971, 961, 944, -1, 971, 944, 936, -1,
 936, 919, 971, -1, 971, 919, 897, -1, 971, 897, 730, -1,
 1086, 1076, 971, -1, 971, 1076, 1069, -1, 1069, 1053, 971, -1,
 971, 1053, 1038, -1, 971, 1038, 1029, -1, 1056, 1085, 730, -1,
 730, 1085, 1090, -1, 730, 1090, 971, -1, 971, 1090, 1096, -1,
 971, 1096, 1086, -1, 715, 706, 1056, -1, 1056, 706, 698, -1,
 1056, 698, 684, -1, 622, 607, 448, -1, 622, 448, 632, -1,
 679, 659, 283, -1, 283, 659, 653, -1, 283, 653, 637, -1,
 338, 318, 368, -1, 318, 293, 368, -1, 368, 293, 288, -1,
 368, 288, 272, -1, 272, 258, 368, -1, 368, 258, 255, -1,
 368, 255, 242, -1, 368, 448, 424, -1, 424, 413, 368, -1,
 368, 413, 397, -1, 368, 397, 385, -1, 385, 363, 368, -1,
 368, 363, 346, -1, 368, 346, 338, -1, 242, 250, 368, -1,
 368, 250, 283, -1, 368, 283, 448, -1, 448, 283, 637, -1,
 448, 637, 632, -1, 684, 679, 1056, -1, 1056, 679, 283, -1,
 1056, 283, 1036, -1, 1036, 283, 298, -1, 1036, 298, 1025, -1,
 1025, 298, 315, -1, 1025, 315, 1017, -1, 1017, 315, 320, -1,
 1017, 320, 1022, -1, 1022, 320, 312, -1, 1022, 312, 1039, -1,
 1039, 312, 301, -1, 1039, 301, 1054, -1, 999, 1019, 969, -1,
 969, 1019, 1044, -1, 1044, 1049, 969, -1, 969, 1049, 1065, -1,
 969, 1065, 1079, -1, 1079, 1082, 969, -1, 969, 1082, 1095, -1,
 969, 1095, 1087, -1, 913, 924, 969, -1, 969, 924, 940, -1,
 969, 940, 952, -1, 952, 974, 969, -1, 969, 974, 991, -1,
 969, 991, 999, -1, 1087, 1054, 969, -1, 969, 1054, 890, -1,
 969, 890, 913, -1, 308, 332, 366, -1, 366, 332, 349, -1,
 366, 349, 355, -1, 355, 376, 366, -1, 366, 376, 393, -1,
 366, 393, 401, -1, 401, 418, 366, -1, 366, 418, 441, -1,
 366, 441, 890, -1, 251, 261, 366, -1, 366, 261, 268, -1,
 268, 284, 366, -1, 366, 284, 299, -1, 366, 299, 308, -1,
 301, 281, 1054, -1, 1054, 281, 252, -1, 1054, 252, 890, -1,
 890, 252, 247, -1, 890, 247, 366, -1, 366, 247, 241, -1,
 366, 241, 251, -1, 427, 425, 876, -1, 876, 425, 874, -1,
 1008, 1003, 1060, -1, 1060, 1003, 958, -1, 1060, 958, 874, -1,
 874, 958, 918, -1, 874, 918, 876, -1, 1251, 1164, 1133, -1,
 1251, 1133, 1060, -1, 1060, 1133, 1059, -1, 1060, 1059, 1008, -1,
 1310, 1225, 1251, -1, 1251, 1225, 1191, -1, 1251, 1191, 1164, -1,
 1291, 1287, 1324, -1, 1324, 1287, 1279, -1, 1324, 1279, 1310, -1,
 1310, 1279, 1259, -1, 1310, 1259, 1225, -1, 1308, 1307, 1326, -1,
 1326, 1307, 1306, -1, 1326, 1306, 1324, -1, 1324, 1306, 1301, -1,
 1324, 1301, 1291, -1, 1308, 1326, 1313, -1, 1313, 1326, 1328, -1,
 1313, 1328, 1316, -1, 22, 20, 8, -1, 22, 8, 25, -1,
 25, 8, 10, -1, 25, 10, 28, -1, 48, 45, 12, -1,
 12, 45, 35, -1, 12, 35, 10, -1, 10, 35, 32, -1,
 10, 32, 28, -1, 26, 77, 71, -1, 26, 71, 12, -1,
 12, 71, 65, -1, 12, 65, 48, -1, 178, 174, 85, -1,
 85, 174, 149, -1, 85, 149, 26, -1, 26, 149, 100, -1,
 26, 100, 77, -1, 276, 333, 321, -1, 276, 321, 85, -1,
 85, 321, 234, -1, 85, 234, 178, -1, 425, 427, 395, -1,
 425, 395, 276, -1, 276, 395, 347, -1, 276, 347, 333, -1,
 1304, 1316, 1328, -1, 1317, 1314, 1329, -1, 1329, 1314, 1303, -1,
 1329, 1303, 1328, -1, 1328, 1303, 1295, -1, 1328, 1295, 1304, -1,
 33, 21, 9, -1, 20, 23, 8, -1, 8, 23, 34, -1,
 8, 34, 9, -1, 9, 34, 42, -1, 9, 42, 33, -1,
 1315, 1317, 1329, -1, 1315, 1329, 1312, -1, 1312, 1329, 1327, -1,
 1312, 1327, 1309, -1, 1289, 1292, 1325, -1, 1325, 1292, 1302, -1,
 1325, 1302, 1327, -1, 1327, 1302, 1305, -1, 1327, 1305, 1309, -1,
 1311, 1260, 1266, -1, 1311, 1266, 1325, -1, 1325, 1266, 1272, -1,
 1325, 1272, 1289, -1, 1159, 1163, 1252, -1, 1252, 1163, 1188, -1,
 1252, 1188, 1311, -1, 1311, 1188, 1237, -1, 1311, 1237, 1260, -1,
 1061, 1004, 1016, -1, 1061, 1016, 1252, -1, 1252, 1016, 1103, -1,
 1252, 1103, 1159, -1, 912, 910, 942, -1, 912, 942, 1061, -1,
 1061, 942, 990, -1, 1061, 990, 1004, -1, 329, 334, 277, -1,
 277, 334, 379, -1, 277, 379, 462, -1, 462, 379, 419, -1,
 462, 419, 460, -1, 86, 173, 204, -1, 86, 204, 277, -1,
 277, 204, 278, -1, 277, 278, 329, -1, 27, 112, 86, -1,
 86, 112, 146, -1, 86, 146, 173, -1, 46, 50, 13, -1,
 13, 50, 58, -1, 13, 58, 27, -1, 27, 58, 78, -1,
 27, 78, 112, -1, 29, 30, 11, -1, 11, 30, 31, -1,
 11, 31, 13, -1, 13, 31, 36, -1, 13, 36, 46, -1,
 29, 11, 24, -1, 24, 11, 9, -1, 24, 9, 21, -1,
 463, 462, 464, -1, 464, 462, 460, -1, 464, 460, 471, -1,
 283, 250, 157, -1, 281, 301, 202, -1, 23, 20, 39, -1,
 39, 20, 37, -1, 39, 37, 61, -1, 61, 37, 59, -1,
 61, 59, 96, -1, 96, 59, 93, -1, 96, 93, 159, -1,
 159, 93, 156, -1, 159, 156, 252, -1, 252, 156, 247, -1,
 34, 23, 52, -1, 52, 23, 39, -1, 52, 39, 75, -1,
 75, 39, 61, -1, 75, 61, 124, -1, 124, 61, 96, -1,
 124, 96, 202, -1, 202, 96, 159, -1, 202, 159, 281, -1,
 281, 159, 252, -1, 42, 34, 57, -1, 57, 34, 52, -1,
 57, 52, 80, -1, 80, 52, 75, -1, 80, 75, 137, -1,
 137, 75, 124, -1, 137, 124, 218, -1, 218, 124, 202, -1,
 218, 202, 312, -1, 312, 202, 301, -1, 320, 315, 199, -1,
 33, 42, 51, -1, 51, 42, 57, -1, 51, 57, 74, -1,
 74, 57, 80, -1, 74, 80, 123, -1, 123, 80, 137, -1,
 123, 137, 199, -1, 199, 137, 218, -1, 199, 218, 320, -1,
 320, 218, 312, -1, 283, 157, 298, -1, 21, 33, 38, -1,
 38, 33, 51, -1, 38, 51, 60, -1, 60, 51, 74, -1,
 60, 74, 94, -1, 94, 74, 123, -1, 94, 123, 157, -1,
 157, 123, 199, -1, 157, 199, 298, -1, 298, 199, 315, -1,
 395, 399, 357, -1, 37, 20, 22, -1, 93, 59, 62, -1,
 156, 93, 95, -1, 247, 156, 155, -1, 37, 22, 40, -1,
 40, 22, 25, -1, 40, 25, 43, -1, 43, 25, 28, -1,
 43, 28, 49, -1, 28, 32, 49, -1, 49, 32, 35, -1,
 49, 35, 53, -1, 53, 35, 45, -1, 53, 45, 66, -1,
 45, 48, 66, -1, 66, 48, 65, -1, 66, 65, 79, -1,
 79, 65, 71, -1, 79, 71, 89, -1, 89, 71, 77, -1,
 89, 77, 127, -1, 77, 100, 127, -1, 127, 100, 149, -1,
 127, 149, 184, -1, 184, 149, 174, -1, 184, 174, 200, -1,
 174, 178, 200, -1, 200, 178, 234, -1, 200, 234, 271, -1,
 271, 234, 321, -1, 271, 321, 337, -1, 337, 321, 333, -1,
 337, 333, 357, -1, 357, 333, 347, -1, 357, 347, 395, -1,
 93, 62, 95, -1, 95, 62, 64, -1, 95, 64, 99, -1,
 99, 64, 70, -1, 99, 70, 111, -1, 111, 70, 73, -1,
 111, 73, 118, -1, 118, 73, 87, -1, 118, 87, 139, -1,
 139, 87, 116, -1, 139, 116, 165, -1, 165, 116, 126, -1,
 165, 126, 183, -1, 183, 126, 170, -1, 183, 170, 215, -1,
 215, 170, 216, -1, 215, 216, 259, -1, 259, 216, 232, -1,
 259, 232, 285, -1, 285, 232, 295, -1, 285, 295, 331, -1,
 331, 295, 351, -1, 331, 351, 362, -1, 362, 351, 370, -1,
 362, 370, 382, -1, 382, 370, 404, -1, 382, 404, 409, -1,
 395, 427, 399, -1, 399, 427, 428, -1, 399, 428, 429, -1,
 429, 404, 399, -1, 399, 404, 370, -1, 399, 370, 357, -1,
 357, 370, 351, -1, 357, 351, 337, -1, 337, 351, 295, -1,
 337, 295, 271, -1, 271, 295, 232, -1, 271, 232, 200, -1,
 200, 232, 216, -1, 200, 216, 184, -1, 184, 216, 170, -1,
 184, 170, 127, -1, 127, 170, 126, -1, 127, 126, 89, -1,
 89, 126, 116, -1, 89, 116, 79, -1, 79, 116, 87, -1,
 79, 87, 66, -1, 66, 87, 73, -1, 66, 73, 53, -1,
 53, 73, 70, -1, 53, 70, 49, -1, 49, 70, 64, -1,
 49, 64, 43, -1, 43, 64, 62, -1, 43, 62, 40, -1,
 40, 62, 59, -1, 40, 59, 37, -1, 429, 430, 404, -1,
 404, 430, 431, -1, 404, 431, 409, -1, 409, 431, 432, -1,
 409, 432, 434, -1, 156, 95, 155, -1, 155, 95, 99, -1,
 155, 99, 167, -1, 167, 99, 111, -1, 167, 111, 182, -1,
 182, 111, 118, -1, 182, 118, 189, -1, 189, 118, 139, -1,
 189, 139, 201, -1, 201, 139, 165, -1, 201, 165, 225, -1,
 225, 165, 183, -1, 225, 183, 233, -1, 233, 183, 215, -1,
 233, 215, 274, -1, 274, 215, 259, -1, 274, 259, 309, -1,
 309, 259, 285, -1, 309, 285, 326, -1, 326, 285, 331, -1,
 326, 331, 352, -1, 352, 331, 362, -1, 352, 362, 380, -1,
 380, 362, 382, -1, 380, 382, 390, -1, 390, 382, 409, -1,
 390, 409, 415, -1, 415, 409, 434, -1, 415, 434, 435, -1,
 247, 155, 241, -1, 241, 155, 167, -1, 241, 167, 251, -1,
 251, 167, 182, -1, 251, 182, 261, -1, 261, 182, 189, -1,
 261, 189, 268, -1, 268, 189, 201, -1, 268, 201, 284, -1,
 284, 201, 225, -1, 284, 225, 299, -1, 299, 225, 233, -1,
 299, 233, 308, -1, 308, 233, 274, -1, 308, 274, 332, -1,
 332, 274, 309, -1, 332, 309, 349, -1, 349, 309, 326, -1,
 349, 326, 355, -1, 355, 326, 352, -1, 355, 352, 376, -1,
 376, 352, 380, -1, 376, 380, 393, -1, 393, 380, 390, -1,
 393, 390, 401, -1, 401, 390, 415, -1, 401, 415, 418, -1,
 418, 415, 435, -1, 418, 435, 441, -1, 21, 38, 41, -1,
 457, 458, 421, -1, 459, 460, 419, -1, 458, 459, 420, -1,
 457, 421, 456, -1, 454, 456, 422, -1, 448, 454, 423, -1,
 459, 419, 420, -1, 420, 419, 379, -1, 420, 379, 387, -1,
 387, 379, 334, -1, 387, 334, 341, -1, 334, 329, 341, -1,
 341, 329, 278, -1, 341, 278, 303, -1, 303, 278, 204, -1,
 303, 204, 228, -1, 228, 204, 173, -1, 228, 173, 176, -1,
 173, 146, 176, -1, 176, 146, 112, -1, 176, 112, 144, -1,
 144, 112, 78, -1, 144, 78, 101, -1, 101, 78, 58, -1,
 101, 58, 72, -1, 72, 58, 50, -1, 72, 50, 68, -1,
 68, 50, 46, -1, 68, 46, 56, -1, 46, 36, 56, -1,
 56, 36, 31, -1, 56, 31, 47, -1, 47, 31, 30, -1,
 47, 30, 44, -1, 44, 30, 29, -1, 44, 29, 41, -1,
 41, 29, 24, -1, 41, 24, 21, -1, 458, 420, 421, -1,
 421, 420, 387, -1, 421, 387, 391, -1, 391, 387, 341, -1,
 391, 341, 353, -1, 353, 341, 303, -1, 353, 303, 327, -1,
 327, 303, 228, -1, 327, 228, 265, -1, 265, 228, 176, -1,
 265, 176, 212, -1, 212, 176, 144, -1, 212, 144, 186, -1,
 186, 144, 101, -1, 186, 101, 140, -1, 140, 101, 72, -1,
 140, 72, 108, -1, 108, 72, 68, -1, 108, 68, 92, -1,
 92, 68, 56, -1, 92, 56, 76, -1, 76, 56, 47, -1,
 76, 47, 69, -1, 69, 47, 44, -1, 69, 44, 67, -1,
 67, 44, 41, -1, 67, 41, 63, -1, 63, 41, 38, -1,
 63, 38, 60, -1, 456, 421, 422, -1, 422, 421, 391, -1,
 422, 391, 398, -1, 398, 391, 353, -1, 398, 353, 369, -1,
 369, 353, 327, -1, 369, 327, 344, -1, 344, 327, 265, -1,
 344, 265, 304, -1, 304, 265, 212, -1, 304, 212, 253, -1,
 253, 212, 186, -1, 253, 186, 224, -1, 224, 186, 140, -1,
 224, 140, 192, -1, 192, 140, 108, -1, 192, 108, 152, -1,
 152, 108, 92, -1, 152, 92, 143, -1, 143, 92, 76, -1,
 143, 76, 120, -1, 120, 76, 69, -1, 120, 69, 107, -1,
 107, 69, 67, -1, 107, 67, 103, -1, 103, 67, 63, -1,
 103, 63, 97, -1, 97, 63, 60, -1, 97, 60, 94, -1,
 454, 422, 423, -1, 423, 422, 398, -1, 423, 398, 406, -1,
 406, 398, 369, -1, 406, 369, 383, -1, 383, 369, 344, -1,
 383, 344, 364, -1, 364, 344, 304, -1, 364, 304, 340, -1,
 340, 304, 253, -1, 340, 253, 306, -1, 306, 253, 224, -1,
 306, 224, 286, -1, 286, 224, 192, -1, 286, 192, 236, -1,
 236, 192, 152, -1, 236, 152, 221, -1, 221, 152, 143, -1,
 221, 143, 207, -1, 207, 143, 120, -1, 207, 120, 191, -1,
 191, 120, 107, -1, 191, 107, 175, -1, 175, 107, 103, -1,
 175, 103, 172, -1, 172, 103, 97, -1, 172, 97, 158, -1,
 158, 97, 94, -1, 158, 94, 157, -1, 448, 423, 424, -1,
 424, 423, 406, -1, 424, 406, 413, -1, 413, 406, 383, -1,
 413, 383, 397, -1, 397, 383, 364, -1, 397, 364, 385, -1,
 385, 364, 340, -1, 385, 340, 363, -1, 363, 340, 306, -1,
 363, 306, 346, -1, 346, 306, 286, -1, 346, 286, 338, -1,
 338, 286, 236, -1, 338, 236, 318, -1, 318, 236, 221, -1,
 318, 221, 293, -1, 293, 221, 207, -1, 293, 207, 288, -1,
 288, 207, 191, -1, 288, 191, 272, -1, 272, 191, 175, -1,
 272, 175, 258, -1, 258, 175, 172, -1, 258, 172, 255, -1,
 255, 172, 158, -1, 255, 158, 242, -1, 242, 158, 157, -1,
 242, 157, 250, -1, 890, 441, 884, -1, 884, 441, 435, -1,
 884, 435, 883, -1, 883, 435, 434, -1, 883, 434, 881, -1,
 881, 434, 432, -1, 881, 432, 880, -1, 880, 432, 431, -1,
 880, 431, 879, -1, 879, 431, 430, -1, 879, 430, 878, -1,
 878, 430, 429, -1, 878, 429, 877, -1, 877, 429, 428, -1,
 877, 428, 876, -1, 876, 428, 427, -1, 859, 853, 909, -1,
 846, 834, 907, -1, 907, 834, 906, -1, 906, 834, 815, -1,
 906, 815, 904, -1, 904, 815, 800, -1, 904, 800, 903, -1,
 903, 800, 782, -1, 903, 782, 897, -1, 897, 782, 753, -1,
 897, 753, 730, -1, 846, 907, 853, -1, 853, 907, 908, -1,
 853, 908, 909, -1, 910, 865, 909, -1, 909, 865, 864, -1,
 909, 864, 859, -1, 1316, 1299, 1296, -1, 883, 881, 915, -1,
 880, 879, 916, -1, 878, 877, 917, -1, 877, 876, 918, -1,
 878, 917, 879, -1, 880, 916, 881, -1, 914, 884, 883, -1,
 884, 914, 890, -1, 877, 918, 917, -1, 917, 918, 958, -1,
 917, 958, 950, -1, 950, 958, 1003, -1, 950, 1003, 996, -1,
 1003, 1008, 996, -1, 996, 1008, 1059, -1, 996, 1059, 1034, -1,
 1034, 1059, 1133, -1, 1034, 1133, 1109, -1, 1109, 1133, 1164, -1,
 1109, 1164, 1161, -1, 1164, 1191, 1161, -1, 1161, 1191, 1225, -1,
 1161, 1225, 1193, -1, 1193, 1225, 1259, -1, 1193, 1259, 1236, -1,
 1236, 1259, 1279, -1, 1236, 1279, 1265, -1, 1265, 1279, 1287, -1,
 1265, 1287, 1269, -1, 1269, 1287, 1291, -1, 1269, 1291, 1281, -1,
 1291, 1301, 1281, -1, 1281, 1301, 1306, -1, 1281, 1306, 1290, -1,
 1290, 1306, 1307, -1, 1290, 1307, 1293, -1, 1293, 1307, 1308, -1,
 1293, 1308, 1296, -1, 1296, 1308, 1313, -1, 1296, 1313, 1316, -1,
 879, 917, 916, -1, 916, 917, 950, -1, 916, 950, 946, -1,
 946, 950, 996, -1, 946, 996, 984, -1, 984, 996, 1034, -1,
 984, 1034, 1010, -1, 1010, 1034, 1109, -1, 1010, 1109, 1072, -1,
 1072, 1109, 1161, -1, 1072, 1161, 1125, -1, 1125, 1161, 1193, -1,
 1125, 1193, 1151, -1, 1151, 1193, 1236, -1, 1151, 1236, 1197, -1,
 1197, 1236, 1265, -1, 1197, 1265, 1229, -1, 1229, 1265, 1269, -1,
 1229, 1269, 1245, -1, 1245, 1269, 1281, -1, 1245, 1281, 1261, -1,
 1261, 1281, 1290, -1, 1261, 1290, 1268, -1, 1268, 1290, 1293, -1,
 1268, 1293, 1270, -1, 1270, 1293, 1296, -1, 1270, 1296, 1274, -1,
 1274, 1296, 1299, -1, 1274, 1299, 1277, -1, 881, 916, 915, -1,
 915, 916, 946, -1, 915, 946, 939, -1, 939, 946, 984, -1,
 939, 984, 968, -1, 968, 984, 1010, -1, 968, 1010, 993, -1,
 993, 1010, 1072, -1, 993, 1072, 1033, -1, 1033, 1072, 1125, -1,
 1033, 1125, 1084, -1, 1084, 1125, 1151, -1, 1084, 1151, 1113, -1,
 1113, 1151, 1197, -1, 1113, 1197, 1145, -1, 1145, 1197, 1229, -1,
 1145, 1229, 1185, -1, 1185, 1229, 1245, -1, 1185, 1245, 1194, -1,
 1194, 1245, 1261, -1, 1194, 1261, 1217, -1, 1217, 1261, 1268, -1,
 1217, 1268, 1230, -1, 1230, 1268, 1270, -1, 1230, 1270, 1234, -1,
 1234, 1270, 1274, -1, 1234, 1274, 1240, -1, 1240, 1274, 1277, -1,
 1240, 1277, 1243, -1, 883, 915, 914, -1, 914, 915, 939, -1,
 914, 939, 931, -1, 931, 939, 968, -1, 931, 968, 954, -1,
 954, 968, 993, -1, 954, 993, 973, -1, 973, 993, 1033, -1,
 973, 1033, 997, -1, 997, 1033, 1084, -1, 997, 1084, 1031, -1,
 1031, 1084, 1113, -1, 1031, 1113, 1051, -1, 1051, 1113, 1145, -1,
 1051, 1145, 1101, -1, 1101, 1145, 1185, -1, 1101, 1185, 1116, -1,
 1116, 1185, 1194, -1, 1116, 1194, 1130, -1, 1130, 1194, 1217, -1,
 1130, 1217, 1146, -1, 1146, 1217, 1230, -1, 1146, 1230, 1162, -1,
 1162, 1230, 1234, -1, 1162, 1234, 1165, -1, 1165, 1234, 1240, -1,
 1165, 1240, 1179, -1, 1179, 1240, 1243, -1, 1179, 1243, 1180, -1,
 890, 914, 913, -1, 913, 914, 931, -1, 913, 931, 924, -1,
 924, 931, 954, -1, 924, 954, 940, -1, 940, 954, 973, -1,
 940, 973, 952, -1, 952, 973, 997, -1, 952, 997, 974, -1,
 974, 997, 1031, -1, 974, 1031, 991, -1, 991, 1031, 1051, -1,
 991, 1051, 999, -1, 999, 1051, 1101, -1, 999, 1101, 1019, -1,
 1019, 1101, 1116, -1, 1019, 1116, 1044, -1, 1044, 1116, 1130, -1,
 1044, 1130, 1049, -1, 1049, 1130, 1146, -1, 1049, 1146, 1065, -1,
 1065, 1146, 1162, -1, 1065, 1162, 1079, -1, 1079, 1162, 1165, -1,
 1079, 1165, 1082, -1, 1082, 1165, 1179, -1, 1082, 1179, 1095, -1,
 1095, 1179, 1180, -1, 1095, 1180, 1087, -1, 1300, 1317, 1315, -1,
 1244, 1278, 1275, -1, 1181, 1244, 1242, -1, 1090, 1181, 1182, -1,
 1300, 1315, 1297, -1, 1297, 1315, 1312, -1, 1297, 1312, 1294, -1,
 1294, 1312, 1309, -1, 1294, 1309, 1288, -1, 1309, 1305, 1288, -1,
 1288, 1305, 1302, -1, 1288, 1302, 1284, -1, 1284, 1302, 1292, -1,
 1284, 1292, 1271, -1, 1292, 1289, 1271, -1, 1271, 1289, 1272, -1,
 1271, 1272, 1258, -1, 1258, 1272, 1266, -1, 1258, 1266, 1248, -1,
 1248, 1266, 1260, -1, 1248, 1260, 1210, -1, 1260, 1237, 1210, -1,
 1210, 1237, 1188, -1, 1210, 1188, 1153, -1, 1153, 1188, 1163, -1,
 1153, 1163, 1137, -1, 1163, 1159, 1137, -1, 1137, 1159, 1103, -1,
 1137, 1103, 1066, -1, 1066, 1103, 1016, -1, 1066, 1016, 1000, -1,
 1000, 1016, 1004, -1, 1000, 1004, 980, -1, 1244, 1275, 1242, -1,
 1242, 1275, 1273, -1, 1242, 1273, 1238, -1, 1238, 1273, 1267, -1,
 1238, 1267, 1226, -1, 1226, 1267, 1264, -1, 1226, 1264, 1219, -1,
 1219, 1264, 1250, -1, 1219, 1250, 1198, -1, 1198, 1250, 1221, -1,
 1198, 1221, 1172, -1, 1172, 1221, 1211, -1, 1172, 1211, 1154, -1,
 1154, 1211, 1167, -1, 1154, 1167, 1122, -1, 1122, 1167, 1121, -1,
 1122, 1121, 1078, -1, 1078, 1121, 1105, -1, 1078, 1105, 1052, -1,
 1052, 1105, 1042, -1, 1052, 1042, 1006, -1, 1006, 1042, 986, -1,
 1006, 986, 975, -1, 975, 986, 967, -1, 975, 967, 955, -1,
 955, 967, 933, -1, 955, 933, 928, -1, 1004, 990, 980, -1,
 980, 990, 942, -1, 980, 942, 938, -1, 938, 942, 910, -1,
 938, 910, 909, -1, 909, 933, 938, -1, 938, 933, 967, -1,
 938, 967, 980, -1, 980, 967, 986, -1, 980, 986, 1000, -1,
 1000, 986, 1042, -1, 1000, 1042, 1066, -1, 1066, 1042, 1105, -1,
 1066, 1105, 1137, -1, 1137, 1105, 1121, -1, 1137, 1121, 1153, -1,
 1153, 1121, 1167, -1, 1153, 1167, 1210, -1, 1210, 1167, 1211, -1,
 1210, 1211, 1248, -1, 1248, 1211, 1221, -1, 1248, 1221, 1258, -1,
 1258, 1221, 1250, -1, 1258, 1250, 1271, -1, 1271, 1250, 1264, -1,
 1271, 1264, 1284, -1, 1284, 1264, 1267, -1, 1284, 1267, 1288, -1,
 1288, 1267, 1273, -1, 1288, 1273, 1294, -1, 1294, 1273, 1275, -1,
 1294, 1275, 1297, -1, 1297, 1275, 1278, -1, 1297, 1278, 1300, -1,
 909, 908, 933, -1, 933, 908, 907, -1, 933, 907, 928, -1,
 928, 907, 906, -1, 928, 906, 904, -1, 1181, 1242, 1182, -1,
 1182, 1242, 1238, -1, 1182, 1238, 1170, -1, 1170, 1238, 1226, -1,
 1170, 1226, 1155, -1, 1155, 1226, 1219, -1, 1155, 1219, 1148, -1,
 1148, 1219, 1198, -1, 1148, 1198, 1136, -1, 1136, 1198, 1172, -1,
 1136, 1172, 1112, -1, 1112, 1172, 1154, -1, 1112, 1154, 1104, -1,
 1104, 1154, 1122, -1, 1104, 1122, 1063, -1, 1063, 1122, 1078, -1,
 1063, 1078, 1028, -1, 1028, 1078, 1052, -1, 1028, 1052, 1011, -1,
 1011, 1052, 1006, -1, 1011, 1006, 985, -1, 985, 1006, 975, -1,
 985, 975, 957, -1, 957, 975, 955, -1, 957, 955, 947, -1,
 947, 955, 928, -1, 947, 928, 922, -1, 922, 928, 904, -1,
 922, 904, 903, -1, 1090, 1182, 1096, -1, 1096, 1182, 1170, -1,
 1096, 1170, 1086, -1, 1086, 1170, 1155, -1, 1086, 1155, 1076, -1,
 1076, 1155, 1148, -1, 1076, 1148, 1069, -1, 1069, 1148, 1136, -1,
 1069, 1136, 1053, -1, 1053, 1136, 1112, -1, 1053, 1112, 1038, -1,
 1038, 1112, 1104, -1, 1038, 1104, 1029, -1, 1029, 1104, 1063, -1,
 1029, 1063, 1005, -1, 1005, 1063, 1028, -1, 1005, 1028, 988, -1,
 988, 1028, 1011, -1, 988, 1011, 982, -1, 982, 1011, 985, -1,
 982, 985, 961, -1, 961, 985, 957, -1, 961, 957, 944, -1,
 944, 957, 947, -1, 944, 947, 936, -1, 936, 947, 922, -1,
 936, 922, 919, -1, 919, 922, 903, -1, 919, 903, 897, -1,
 1054, 1087, 1180, -1, 1056, 1036, 1135, -1, 1314, 1317, 1298, -1,
 1298, 1317, 1300, -1, 1298, 1300, 1276, -1, 1276, 1300, 1278, -1,
 1276, 1278, 1241, -1, 1241, 1278, 1244, -1, 1241, 1244, 1178, -1,
 1178, 1244, 1181, -1, 1178, 1181, 1085, -1, 1085, 1181, 1090, -1,
 1303, 1314, 1285, -1, 1285, 1314, 1298, -1, 1285, 1298, 1262, -1,
 1262, 1298, 1276, -1, 1262, 1276, 1213, -1, 1213, 1276, 1241, -1,
 1213, 1241, 1135, -1, 1135, 1241, 1178, -1, 1135, 1178, 1056, -1,
 1056, 1178, 1085, -1, 1295, 1303, 1280, -1, 1280, 1303, 1285, -1,
 1280, 1285, 1257, -1, 1257, 1285, 1262, -1, 1257, 1262, 1200, -1,
 1200, 1262, 1213, -1, 1200, 1213, 1119, -1, 1119, 1213, 1135, -1,
 1119, 1135, 1025, -1, 1025, 1135, 1036, -1, 1017, 1022, 1138, -1,
 1304, 1295, 1286, -1, 1286, 1295, 1280, -1, 1286, 1280, 1263, -1,
 1263, 1280, 1257, -1, 1263, 1257, 1214, -1, 1214, 1257, 1200, -1,
 1214, 1200, 1138, -1, 1138, 1200, 1119, -1, 1138, 1119, 1017, -1,
 1017, 1119, 1025, -1, 1054, 1180, 1039, -1, 1316, 1304, 1299, -1,
 1299, 1304, 1286, -1, 1299, 1286, 1277, -1, 1277, 1286, 1263, -1,
 1277, 1263, 1243, -1, 1243, 1263, 1214, -1, 1243, 1214, 1180, -1,
 1180, 1214, 1138, -1, 1180, 1138, 1039, -1, 1039, 1138, 1022, -1,
 544, 552, 551, -1, 817, 818, 808, -1, 808, 818, 802, -1,
 808, 802, 806, -1, 781, 788, 783, -1, 783, 788, 796, -1,
 783, 796, 802, -1, 802, 796, 801, -1, 802, 801, 806, -1,
 781, 783, 774, -1, 774, 783, 743, -1, 774, 743, 752, -1,
 688, 697, 699, -1, 699, 697, 710, -1, 710, 721, 699, -1,
 699, 721, 732, -1, 699, 732, 743, -1, 743, 732, 742, -1,
 743, 742, 752, -1, 654, 656, 699, -1, 699, 656, 661, -1,
 699, 661, 677, -1, 677, 680, 699, -1, 699, 680, 685, -1,
 699, 685, 688, -1, 621, 628, 641, -1, 641, 628, 640, -1,
 641, 640, 699, -1, 699, 640, 650, -1, 699, 650, 654, -1,
 558, 572, 593, -1, 551, 552, 593, -1, 593, 552, 553, -1,
 593, 553, 558, -1, 572, 591, 593, -1, 593, 591, 592, -1,
 593, 592, 641, -1, 641, 592, 605, -1, 641, 605, 621, -1,
 531, 516, 515, -1, 515, 525, 531, -1, 531, 525, 530, -1,
 531, 530, 551, -1, 551, 530, 535, -1, 551, 535, 544, -1,
 670, 695, 693, -1, 693, 695, 719, -1, 693, 719, 717, -1,
 717, 719, 735, -1, 717, 735, 733, -1, 733, 735, 748, -1,
 733, 748, 746, -1, 746, 748, 759, -1, 746, 759, 757, -1,
 757, 759, 762, -1, 757, 762, 761, -1, 761, 762, 760, -1,
 761, 760, 758, -1, 758, 760, 749, -1, 758, 749, 747, -1,
 747, 749, 736, -1, 747, 736, 734, -1, 734, 736, 720, -1,
 734, 720, 718, -1, 718, 720, 696, -1, 718, 696, 694, -1,
 694, 696, 673, -1, 694, 673, 671, -1, 671, 673, 646, -1,
 671, 646, 644, -1, 644, 646, 620, -1, 644, 620, 618, -1,
 618, 620, 603, -1, 618, 603, 601, -1, 601, 603, 588, -1,
 601, 588, 586, -1, 586, 588, 578, -1, 586, 578, 576, -1,
 576, 578, 574, -1, 576, 574, 573, -1, 573, 574, 577, -1,
 573, 577, 575, -1, 575, 577, 587, -1, 575, 587, 585, -1,
 585, 587, 602, -1, 585, 602, 600, -1, 600, 602, 619, -1,
 600, 619, 617, -1, 617, 619, 645, -1, 617, 645, 643, -1,
 643, 645, 672, -1, 643, 672, 670, -1, 670, 672, 695, -1,
 652, 658, 675, -1, 675, 658, 676, -1, 675, 676, 682, -1,
 631, 636, 675, -1, 675, 636, 648, -1, 675, 648, 652, -1,
 635, 630, 675, -1, 675, 630, 629, -1, 675, 629, 631, -1,
 657, 651, 675, -1, 675, 651, 647, -1, 675, 647, 635, -1,
 686, 681, 675, -1, 675, 681, 674, -1, 675, 674, 657, -1,
 707, 702, 675, -1, 675, 702, 690, -1, 675, 690, 686, -1,
 703, 708, 675, -1, 675, 708, 709, -1, 675, 709, 707, -1,
 682, 687, 675, -1, 675, 687, 691, -1, 675, 691, 703, -1,
 672, 681, 695, -1, 695, 681, 686, -1, 695, 686, 719, -1,
 719, 686, 690, -1, 719, 690, 735, -1, 735, 690, 702, -1,
 735, 702, 748, -1, 748, 702, 707, -1, 748, 707, 759, -1,
 759, 707, 709, -1, 759, 709, 762, -1, 762, 709, 708, -1,
 762, 708, 760, -1, 760, 708, 703, -1, 760, 703, 749, -1,
 749, 703, 691, -1, 749, 691, 736, -1, 736, 691, 687, -1,
 736, 687, 720, -1, 720, 687, 682, -1, 720, 682, 696, -1,
 696, 682, 676, -1, 696, 676, 673, -1, 673, 676, 658, -1,
 673, 658, 646, -1, 646, 658, 652, -1, 646, 652, 620, -1,
 620, 652, 648, -1, 620, 648, 603, -1, 603, 648, 636, -1,
 603, 636, 588, -1, 588, 636, 631, -1, 588, 631, 578, -1,
 578, 631, 629, -1, 578, 629, 574, -1, 574, 629, 630, -1,
 574, 630, 577, -1, 577, 630, 635, -1, 577, 635, 587, -1,
 587, 635, 647, -1, 587, 647, 602, -1, 602, 647, 651, -1,
 602, 651, 619, -1, 619, 651, 657, -1, 619, 657, 645, -1,
 645, 657, 674, -1, 645, 674, 672, -1, 672, 674, 681, -1,
 662, 712, 724, -1, 724, 712, 740, -1, 724, 740, 772, -1,
 772, 740, 768, -1, 772, 768, 794, -1, 794, 768, 785, -1,
 794, 785, 810, -1, 810, 785, 791, -1, 810, 791, 823, -1,
 823, 791, 793, -1, 823, 793, 829, -1, 829, 793, 792, -1,
 829, 792, 824, -1, 824, 792, 786, -1, 824, 786, 811, -1,
 811, 786, 769, -1, 811, 769, 795, -1, 795, 769, 741, -1,
 795, 741, 773, -1, 773, 741, 713, -1, 773, 713, 725, -1,
 725, 713, 665, -1, 725, 665, 663, -1, 663, 665, 626, -1,
 663, 626, 613, -1, 613, 626, 597, -1, 613, 597, 563, -1,
 563, 597, 568, -1, 563, 568, 537, -1, 537, 568, 549, -1,
 537, 549, 522, -1, 522, 549, 543, -1, 522, 543, 510, -1,
 510, 543, 539, -1, 510, 539, 503, -1, 503, 539, 542, -1,
 503, 542, 509, -1, 509, 542, 548, -1, 509, 548, 521, -1,
 521, 548, 567, -1, 521, 567, 536, -1, 536, 567, 596, -1,
 536, 596, 562, -1, 562, 596, 625, -1, 562, 625, 612, -1,
 612, 625, 664, -1, 612, 664, 662, -1, 662, 664, 712, -1,
 515, 516, 514, -1, 514, 516, 502, -1, 493, 496, 491, -1,
 491, 496, 504, -1, 491, 504, 502, -1, 502, 504, 506, -1,
 502, 506, 514, -1, 482, 484, 480, -1, 480, 484, 487, -1,
 480, 487, 491, -1, 491, 487, 492, -1, 491, 492, 493, -1,
 482, 480, 476, -1, 476, 480, 472, -1, 476, 472, 474, -1,
 466, 468, 467, -1, 467, 468, 469, -1, 467, 469, 472, -1,
 472, 469, 473, -1, 472, 473, 474, -1, 465, 463, 464, -1,
 465, 464, 466, -1, 474, 473, 470, -1, 473, 469, 470, -1,
 470, 469, 468, -1, 470, 468, 466, -1, 476, 478, 482, -1,
 482, 478, 486, -1, 493, 492, 486, -1, 492, 487, 486, -1,
 486, 487, 484, -1, 486, 484, 482, -1, 496, 497, 507, -1,
 514, 506, 507, -1, 507, 506, 504, -1, 507, 504, 496, -1,
 466, 464, 470, -1, 470, 464, 471, -1, 470, 471, 477, -1,
 477, 479, 470, -1, 470, 479, 478, -1, 470, 478, 474, -1,
 474, 478, 476, -1, 495, 486, 489, -1, 489, 486, 478, -1,
 489, 478, 485, -1, 485, 478, 479, -1, 495, 501, 486, -1,
 486, 501, 497, -1, 486, 497, 493, -1, 493, 497, 496, -1,
 501, 508, 497, -1, 497, 508, 517, -1, 497, 517, 507, -1,
 507, 517, 520, -1, 507, 520, 514, -1, 514, 520, 525, -1,
 514, 525, 515, -1, 529, 523, 511, -1, 623, 624, 611, -1,
 605, 611, 621, -1, 621, 611, 624, -1, 621, 624, 628, -1,
 592, 580, 605, -1, 605, 580, 595, -1, 605, 595, 611, -1,
 544, 534, 552, -1, 552, 534, 545, -1, 552, 545, 553, -1,
 553, 545, 547, -1, 553, 547, 558, -1, 558, 547, 560, -1,
 558, 560, 572, -1, 572, 560, 580, -1, 572, 580, 591, -1,
 591, 580, 592, -1, 616, 623, 606, -1, 606, 623, 611, -1,
 606, 611, 590, -1, 590, 611, 595, -1, 590, 595, 561, -1,
 561, 595, 580, -1, 561, 580, 550, -1, 550, 580, 560, -1,
 550, 560, 538, -1, 538, 560, 547, -1, 538, 547, 533, -1,
 533, 547, 545, -1, 533, 545, 527, -1, 527, 545, 534, -1,
 527, 534, 518, -1, 610, 616, 604, -1, 604, 616, 606, -1,
 604, 606, 579, -1, 579, 606, 590, -1, 579, 590, 555, -1,
 555, 590, 561, -1, 555, 561, 541, -1, 541, 561, 550, -1,
 541, 550, 528, -1, 528, 550, 538, -1, 528, 538, 526, -1,
 526, 538, 533, -1, 526, 533, 513, -1, 513, 533, 527, -1,
 513, 527, 500, -1, 500, 527, 518, -1, 500, 518, 494, -1,
 494, 483, 500, -1, 500, 483, 490, -1, 500, 490, 513, -1,
 513, 490, 498, -1, 513, 498, 526, -1, 526, 498, 512, -1,
 526, 512, 528, -1, 528, 512, 519, -1, 528, 519, 541, -1,
 541, 519, 532, -1, 541, 532, 555, -1, 555, 532, 546, -1,
 555, 546, 579, -1, 579, 546, 566, -1, 579, 566, 604, -1,
 604, 566, 594, -1, 604, 594, 610, -1, 610, 594, 607, -1,
 525, 523, 530, -1, 530, 523, 529, -1, 530, 529, 535, -1,
 525, 520, 523, -1, 523, 520, 517, -1, 523, 517, 511, -1,
 511, 517, 508, -1, 511, 508, 501, -1, 544, 535, 534, -1,
 534, 535, 529, -1, 534, 529, 518, -1, 518, 529, 511, -1,
 518, 511, 494, -1, 494, 511, 501, -1, 494, 501, 495, -1,
 495, 489, 494, -1, 494, 489, 485, -1, 494, 485, 483, -1,
 483, 485, 479, -1, 483, 479, 477, -1, 607, 594, 589, -1,
 589, 594, 566, -1, 589, 566, 559, -1, 559, 566, 546, -1,
 559, 546, 540, -1, 540, 546, 532, -1, 540, 532, 524, -1,
 524, 532, 519, -1, 524, 519, 505, -1, 505, 519, 512, -1,
 505, 512, 499, -1, 499, 512, 498, -1, 499, 498, 488, -1,
 488, 498, 490, -1, 488, 490, 481, -1, 481, 490, 483, -1,
 481, 483, 475, -1, 475, 483, 477, -1, 475, 477, 471, -1,
 610, 607, 622, -1, 623, 616, 627, -1, 726, 716, 711, -1,
 714, 710, 697, -1, 714, 697, 716, -1, 715, 730, 726, -1,
 640, 628, 624, -1, 716, 697, 711, -1, 711, 697, 688, -1,
 711, 688, 692, -1, 692, 688, 685, -1, 692, 685, 689, -1,
 689, 685, 680, -1, 689, 680, 683, -1, 683, 680, 677, -1,
 683, 677, 678, -1, 678, 677, 661, -1, 678, 661, 660, -1,
 660, 661, 656, -1, 660, 656, 655, -1, 655, 656, 654, -1,
 655, 654, 649, -1, 649, 654, 650, -1, 649, 650, 642, -1,
 642, 650, 640, -1, 642, 640, 627, -1, 627, 640, 624, -1,
 627, 624, 623, -1, 726, 711, 715, -1, 715, 711, 692, -1,
 715, 692, 706, -1, 706, 692, 689, -1, 706, 689, 698, -1,
 698, 689, 683, -1, 698, 683, 684, -1, 684, 683, 678, -1,
 684, 678, 679, -1, 679, 678, 660, -1, 679, 660, 659, -1,
 659, 660, 655, -1, 659, 655, 653, -1, 653, 655, 649, -1,
 653, 649, 637, -1, 637, 649, 642, -1, 637, 642, 632, -1,
 632, 642, 627, -1, 632, 627, 622, -1, 622, 627, 616, -1,
 622, 616, 610, -1, 716, 726, 745, -1, 721, 727, 744, -1,
 858, 856, 855, -1, 849, 845, 844, -1, 838, 833, 830, -1,
 812, 808, 806, -1, 825, 816, 814, -1, 814, 816, 812, -1,
 858, 855, 865, -1, 812, 806, 814, -1, 814, 806, 801, -1,
 814, 801, 809, -1, 809, 801, 796, -1, 809, 796, 803, -1,
 803, 796, 788, -1, 803, 788, 797, -1, 797, 788, 781, -1,
 797, 781, 789, -1, 789, 781, 774, -1, 789, 774, 779, -1,
 779, 774, 752, -1, 779, 752, 763, -1, 763, 752, 742, -1,
 763, 742, 744, -1, 744, 742, 732, -1, 744, 732, 721, -1,
 727, 731, 744, -1, 744, 731, 754, -1, 744, 754, 763, -1,
 763, 754, 776, -1, 763, 776, 779, -1, 779, 776, 787, -1,
 779, 787, 789, -1, 789, 787, 799, -1, 789, 799, 797, -1,
 797, 799, 805, -1, 797, 805, 803, -1, 803, 805, 813, -1,
 803, 813, 809, -1, 809, 813, 822, -1, 809, 822, 814, -1,
 814, 822, 830, -1, 814, 830, 825, -1, 825, 830, 833, -1,
 731, 737, 754, -1, 754, 737, 764, -1, 754, 764, 776, -1,
 776, 764, 784, -1, 776, 784, 787, -1, 787, 784, 798, -1,
 787, 798, 799, -1, 799, 798, 807, -1, 799, 807, 805, -1,
 805, 807, 820, -1, 805, 820, 813, -1, 813, 820, 832, -1,
 813, 832, 822, -1, 822, 832, 839, -1, 822, 839, 830, -1,
 830, 839, 844, -1, 830, 844, 838, -1, 838, 844, 845, -1,
 721, 710, 727, -1, 727, 710, 714, -1, 727, 714, 731, -1,
 731, 714, 716, -1, 731, 716, 737, -1, 737, 716, 745, -1,
 737, 745, 764, -1, 764, 745, 775, -1, 764, 775, 784, -1,
 784, 775, 790, -1, 784, 790, 798, -1, 798, 790, 804, -1,
 798, 804, 807, -1, 807, 804, 821, -1, 807, 821, 820, -1,
 820, 821, 835, -1, 820, 835, 832, -1, 832, 835, 843, -1,
 832, 843, 839, -1, 839, 843, 850, -1, 839, 850, 844, -1,
 844, 850, 855, -1, 844, 855, 849, -1, 849, 855, 856, -1,
 865, 855, 864, -1, 864, 855, 850, -1, 864, 850, 859, -1,
 859, 850, 843, -1, 859, 843, 853, -1, 853, 843, 835, -1,
 853, 835, 846, -1, 846, 835, 821, -1, 846, 821, 834, -1,
 834, 821, 804, -1, 834, 804, 815, -1, 815, 804, 790, -1,
 815, 790, 800, -1, 800, 790, 775, -1, 800, 775, 782, -1,
 782, 775, 745, -1, 782, 745, 753, -1, 753, 745, 726, -1,
 753, 726, 730, -1, 861, 862, 863, -1, 863, 862, 867, -1,
 863, 867, 870, -1, 870, 867, 868, -1, 870, 868, 869, -1,
 861, 863, 860, -1, 860, 863, 854, -1, 860, 854, 852, -1,
 842, 847, 854, -1, 854, 847, 851, -1, 854, 851, 852, -1,
 836, 840, 842, -1, 842, 840, 841, -1, 842, 841, 847, -1,
 831, 818, 817, -1, 817, 819, 831, -1, 831, 819, 827, -1,
 831, 827, 842, -1, 842, 827, 828, -1, 842, 828, 836, -1,
 856, 858, 866, -1, 862, 861, 857, -1, 817, 808, 819, -1,
 819, 808, 812, -1, 826, 828, 827, -1, 828, 826, 836, -1,
 836, 826, 837, -1, 836, 837, 840, -1, 847, 841, 848, -1,
 861, 860, 857, -1, 857, 860, 852, -1, 857, 852, 848, -1,
 848, 852, 851, -1, 848, 851, 847, -1, 869, 868, 866, -1,
 866, 868, 867, -1, 866, 867, 862, -1, 873, 872, 871, -1,
 871, 872, 869, -1, 869, 866, 871, -1, 871, 866, 858, -1,
 871, 858, 865, -1, 862, 857, 866, -1, 866, 857, 849, -1,
 866, 849, 856, -1, 825, 848, 837, -1, 837, 848, 841, -1,
 837, 841, 840, -1, 825, 833, 848, -1, 848, 833, 838, -1,
 848, 838, 857, -1, 857, 838, 845, -1, 857, 845, 849, -1,
 827, 819, 826, -1, 826, 819, 812, -1, 826, 812, 837, -1,
 837, 812, 816, -1, 837, 816, 825, -1, 694, 701, 718, -1,
 718, 701, 723, -1, 718, 723, 734, -1, 734, 723, 739, -1,
 734, 739, 747, -1, 747, 739, 756, -1, 747, 756, 758, -1,
 758, 756, 766, -1, 758, 766, 761, -1, 761, 766, 767, -1,
 761, 767, 757, -1, 757, 767, 765, -1, 757, 765, 746, -1,
 746, 765, 755, -1, 746, 755, 733, -1, 733, 755, 738, -1,
 733, 738, 717, -1, 717, 738, 722, -1, 717, 722, 693, -1,
 693, 722, 700, -1, 693, 700, 670, -1, 670, 700, 668, -1,
 670, 668, 643, -1, 643, 668, 638, -1, 643, 638, 617, -1,
 617, 638, 614, -1, 617, 614, 600, -1, 600, 614, 598, -1,
 600, 598, 585, -1, 585, 598, 581, -1, 585, 581, 575, -1,
 575, 581, 570, -1, 575, 570, 573, -1, 573, 570, 569, -1,
 573, 569, 576, -1, 576, 569, 571, -1, 576, 571, 586, -1,
 586, 571, 582, -1, 586, 582, 601, -1, 601, 582, 599, -1,
 601, 599, 618, -1, 618, 599, 615, -1, 618, 615, 644, -1,
 644, 615, 639, -1, 644, 639, 671, -1, 671, 639, 669, -1,
 671, 669, 694, -1, 694, 669, 701, -1, 701, 705, 723, -1,
 723, 705, 729, -1, 723, 729, 739, -1, 739, 729, 751, -1,
 739, 751, 756, -1, 756, 751, 771, -1, 756, 771, 766, -1,
 766, 771, 778, -1, 766, 778, 767, -1, 767, 778, 780, -1,
 767, 780, 765, -1, 765, 780, 777, -1, 765, 777, 755, -1,
 755, 777, 770, -1, 755, 770, 738, -1, 738, 770, 750, -1,
 738, 750, 722, -1, 722, 750, 728, -1, 722, 728, 700, -1,
 700, 728, 704, -1, 700, 704, 668, -1, 668, 704, 666, -1,
 668, 666, 638, -1, 638, 666, 633, -1, 638, 633, 614, -1,
 614, 633, 608, -1, 614, 608, 598, -1, 598, 608, 583, -1,
 598, 583, 581, -1, 581, 583, 564, -1, 581, 564, 570, -1,
 570, 564, 556, -1, 570, 556, 569, -1, 569, 556, 554, -1,
 569, 554, 571, -1, 571, 554, 557, -1, 571, 557, 582, -1,
 582, 557, 565, -1, 582, 565, 599, -1, 599, 565, 584, -1,
 599, 584, 615, -1, 615, 584, 609, -1, 615, 609, 639, -1,
 639, 609, 634, -1, 639, 634, 669, -1, 669, 634, 667, -1,
 669, 667, 701, -1, 701, 667, 705, -1, 705, 713, 729, -1,
 729, 713, 741, -1, 729, 741, 751, -1, 751, 741, 769, -1,
 751, 769, 771, -1, 771, 769, 786, -1, 771, 786, 778, -1,
 778, 786, 792, -1, 778, 792, 780, -1, 780, 792, 793, -1,
 780, 793, 777, -1, 777, 793, 791, -1, 777, 791, 770, -1,
 770, 791, 785, -1, 770, 785, 750, -1, 750, 785, 768, -1,
 750, 768, 728, -1, 728, 768, 740, -1, 728, 740, 704, -1,
 704, 740, 712, -1, 704, 712, 666, -1, 666, 712, 664, -1,
 666, 664, 633, -1, 633, 664, 625, -1, 633, 625, 608, -1,
 608, 625, 596, -1, 608, 596, 583, -1, 583, 596, 567, -1,
 583, 567, 564, -1, 564, 567, 548, -1, 564, 548, 556, -1,
 556, 548, 542, -1, 556, 542, 554, -1, 554, 542, 539, -1,
 554, 539, 557, -1, 557, 539, 543, -1, 557, 543, 565, -1,
 565, 543, 549, -1, 565, 549, 584, -1, 584, 549, 568, -1,
 584, 568, 609, -1, 609, 568, 597, -1, 609, 597, 634, -1,
 634, 597, 626, -1, 634, 626, 667, -1, 667, 626, 665, -1,
 667, 665, 705, -1, 705, 665, 713, -1, 1331, 1333, 1330, -1,
 1330, 1333, 1332, -1, 1333, 7, 1332, -1, 1332, 7, 6, -1,
 7, 5, 6, -1, 6, 5, 4, -1, 5, 1331, 4, -1,
 4, 1331, 1330, -1, 7, 317, 135, -1, 135, 55, 7, -1,
 7, 55, 19, -1, 7, 19, 17, -1, 54, 134, 5, -1,
 1020, 1202, 1331, -1, 1331, 1202, 1282, -1, 1331, 1282, 1318, -1,
 1321, 1319, 1333, -1, 1333, 1319, 1283, -1, 1333, 1283, 1203, -1,
 54, 5, 18, -1, 17, 15, 7, -1, 7, 15, 14, -1,
 7, 14, 5, -1, 5, 14, 16, -1, 5, 16, 18, -1,
 1203, 1021, 1333, -1, 1333, 1021, 911, -1, 1333, 911, 7, -1,
 7, 911, 461, -1, 7, 461, 317, -1, 1318, 1320, 1331, -1,
 1331, 1320, 1322, -1, 1331, 1322, 1333, -1, 1333, 1322, 1323, -1,
 1333, 1323, 1321, -1, 134, 316, 5, -1, 5, 316, 426, -1,
 5, 426, 1331, -1, 1331, 426, 875, -1, 1331, 875, 1020, -1,
 6, 4, 1332, -1, 1332, 4, 1330, -1, 893, 444, 367, -1,
 300, 279, 367, -1, 367, 279, 262, -1, 367, 262, 246, -1,
 374, 350, 367, -1, 367, 350, 328, -1, 367, 328, 300, -1,
 444, 416, 367, -1, 367, 416, 394, -1, 367, 394, 374, -1,
 1088, 1093, 248, -1, 248, 1093, 1080, -1, 1080, 1064, 248, -1,
 248, 1064, 1046, -1, 248, 1046, 1045, -1, 1045, 1014, 248, -1,
 248, 1014, 995, -1, 248, 995, 992, -1, 992, 965, 248, -1,
 248, 965, 945, -1, 248, 945, 941, -1, 246, 245, 367, -1,
 367, 245, 248, -1, 367, 248, 893, -1, 893, 248, 941, -1,
 893, 941, 920, -1, 445, 894, 970, -1, 1037, 1058, 970, -1,
 970, 1058, 1075, -1, 970, 1075, 1091, -1, 963, 987, 970, -1,
 970, 987, 1009, -1, 970, 1009, 1037, -1, 894, 921, 970, -1,
 970, 921, 943, -1, 970, 943, 963, -1, 1088, 248, 1057, -1,
 1057, 248, 282, -1, 1057, 282, 1035, -1, 1035, 282, 296, -1,
 1035, 296, 1023, -1, 1023, 296, 313, -1, 1023, 313, 1018, -1,
 1018, 313, 319, -1, 1018, 319, 1024, -1, 1024, 319, 314, -1,
 1024, 314, 1041, -1, 1041, 314, 302, -1, 1041, 302, 1055, -1,
 1055, 302, 280, -1, 1055, 280, 1089, -1, 280, 249, 1089, -1,
 1089, 249, 244, -1, 1089, 244, 257, -1, 257, 273, 1089, -1,
 1089, 273, 291, -1, 1089, 291, 292, -1, 292, 323, 1089, -1,
 1089, 323, 342, -1, 1089, 342, 345, -1, 345, 372, 1089, -1,
 1089, 372, 392, -1, 1089, 392, 396, -1, 1091, 1092, 970, -1,
 970, 1092, 1089, -1, 970, 1089, 445, -1, 445, 1089, 396, -1,
 445, 396, 417, -1, 426, 433, 875, -1, 875, 433, 882, -1,
 1239, 1246, 1320, -1, 1320, 1246, 1322, -1, 1322, 1246, 1253, -1,
 1322, 1253, 1254, -1, 1190, 1318, 1156, -1, 1156, 1318, 1282, -1,
 1156, 1282, 1149, -1, 1190, 1196, 1318, -1, 1318, 1196, 1218, -1,
 1318, 1218, 1320, -1, 1320, 1218, 1224, -1, 1320, 1224, 1239, -1,
 1032, 1068, 1202, -1, 1202, 1068, 1102, -1, 1202, 1102, 1282, -1,
 1282, 1102, 1108, -1, 1282, 1108, 1149, -1, 1032, 1202, 983, -1,
 983, 1202, 1020, -1, 983, 1020, 976, -1, 875, 882, 1020, -1,
 1020, 882, 935, -1, 1020, 935, 976, -1, 433, 426, 400, -1,
 400, 426, 316, -1, 400, 316, 359, -1, 359, 316, 311, -1,
 311, 316, 134, -1, 311, 134, 270, -1, 270, 134, 237, -1,
 237, 134, 54, -1, 237, 54, 195, -1, 18, 151, 54, -1,
 54, 151, 180, -1, 54, 180, 195, -1, 16, 102, 18, -1,
 18, 102, 122, -1, 18, 122, 151, -1, 82, 81, 14, -1,
 14, 81, 88, -1, 14, 88, 16, -1, 16, 88, 90, -1,
 16, 90, 102, -1, 1222, 1255, 1323, -1, 1322, 1254, 1220, -1,
 1322, 1220, 1323, -1, 1323, 1220, 1212, -1, 1323, 1212, 1222, -1,
 115, 82, 14, -1, 15, 83, 117, -1, 15, 117, 14, -1,
 14, 117, 125, -1, 14, 125, 115, -1, 905, 911, 937, -1,
 937, 911, 1021, -1, 937, 1021, 978, -1, 978, 1021, 1026, -1,
 1026, 1021, 1203, -1, 1026, 1203, 1067, -1, 1067, 1203, 1100, -1,
 1100, 1203, 1283, -1, 1100, 1283, 1142, -1, 1319, 1186, 1283, -1,
 1283, 1186, 1157, -1, 1283, 1157, 1142, -1, 1321, 1235, 1319, -1,
 1319, 1235, 1215, -1, 1319, 1215, 1186, -1, 1255, 1256, 1323, -1,
 1323, 1256, 1249, -1, 1323, 1249, 1321, -1, 1321, 1249, 1247, -1,
 1321, 1247, 1235, -1, 98, 91, 17, -1, 17, 91, 15, -1,
 15, 91, 84, -1, 15, 84, 83, -1, 147, 19, 181, -1,
 181, 19, 55, -1, 181, 55, 188, -1, 147, 141, 19, -1,
 19, 141, 119, -1, 19, 119, 17, -1, 17, 119, 113, -1,
 17, 113, 98, -1, 305, 269, 135, -1, 135, 269, 235, -1,
 135, 235, 55, -1, 55, 235, 229, -1, 55, 229, 188, -1,
 305, 135, 354, -1, 354, 135, 317, -1, 354, 317, 361, -1,
 461, 455, 317, -1, 317, 455, 402, -1, 317, 402, 361, -1,
 911, 905, 461, -1, 461, 905, 455, -1, 313, 296, 238, -1,
 282, 248, 209, -1, 105, 136, 129, -1, 129, 136, 166, -1,
 129, 166, 162, -1, 162, 166, 203, -1, 162, 203, 209, -1,
 209, 203, 238, -1, 209, 238, 282, -1, 282, 238, 296, -1,
 125, 136, 115, -1, 115, 136, 105, -1, 115, 105, 82, -1,
 264, 319, 313, -1, 313, 238, 264, -1, 264, 238, 203, -1,
 264, 203, 220, -1, 220, 203, 166, -1, 220, 166, 187, -1,
 187, 166, 136, -1, 187, 136, 150, -1, 150, 136, 125, -1,
 150, 125, 117, -1, 280, 302, 239, -1, 239, 302, 314, -1,
 117, 138, 150, -1, 150, 138, 169, -1, 150, 169, 187, -1,
 187, 169, 206, -1, 187, 206, 220, -1, 220, 206, 239, -1,
 220, 239, 264, -1, 264, 239, 314, -1, 264, 314, 319, -1,
 249, 280, 210, -1, 210, 280, 239, -1, 210, 239, 163, -1,
 163, 239, 206, -1, 163, 206, 130, -1, 130, 206, 169, -1,
 130, 169, 106, -1, 106, 169, 138, -1, 106, 138, 83, -1,
 83, 138, 117, -1, 437, 436, 403, -1, 439, 438, 407, -1,
 442, 440, 410, -1, 267, 237, 195, -1, 209, 248, 245, -1,
 162, 209, 205, -1, 82, 104, 81, -1, 81, 104, 110, -1,
 180, 151, 177, -1, 177, 151, 122, -1, 177, 122, 145, -1,
 145, 122, 102, -1, 145, 102, 121, -1, 121, 102, 90, -1,
 121, 90, 110, -1, 110, 90, 88, -1, 110, 88, 81, -1,
 180, 177, 195, -1, 195, 177, 214, -1, 195, 214, 267, -1,
 209, 245, 205, -1, 205, 245, 246, -1, 205, 246, 211, -1,
 211, 246, 262, -1, 211, 262, 219, -1, 219, 262, 279, -1,
 219, 279, 230, -1, 230, 279, 300, -1, 230, 300, 263, -1,
 263, 300, 328, -1, 263, 328, 294, -1, 294, 328, 350, -1,
 294, 350, 335, -1, 335, 350, 374, -1, 335, 374, 358, -1,
 358, 374, 394, -1, 358, 394, 388, -1, 388, 394, 416, -1,
 388, 416, 412, -1, 412, 416, 444, -1, 412, 444, 443, -1,
 443, 442, 412, -1, 412, 442, 410, -1, 412, 410, 388, -1,
 388, 410, 381, -1, 388, 381, 358, -1, 358, 381, 348, -1,
 358, 348, 335, -1, 335, 348, 310, -1, 335, 310, 294, -1,
 294, 310, 266, -1, 294, 266, 263, -1, 263, 266, 227, -1,
 263, 227, 230, -1, 230, 227, 197, -1, 230, 197, 219, -1,
 219, 197, 185, -1, 219, 185, 211, -1, 211, 185, 168, -1,
 211, 168, 205, -1, 205, 168, 161, -1, 205, 161, 162, -1,
 162, 161, 129, -1, 440, 439, 410, -1, 410, 439, 407, -1,
 410, 407, 381, -1, 381, 407, 375, -1, 381, 375, 348, -1,
 348, 375, 339, -1, 348, 339, 310, -1, 310, 339, 290, -1,
 310, 290, 266, -1, 266, 290, 231, -1, 266, 231, 227, -1,
 227, 231, 196, -1, 227, 196, 197, -1, 197, 196, 171, -1,
 197, 171, 185, -1, 185, 171, 148, -1, 185, 148, 168, -1,
 168, 148, 133, -1, 168, 133, 161, -1, 161, 133, 128, -1,
 161, 128, 129, -1, 129, 128, 105, -1, 438, 437, 407, -1,
 407, 437, 403, -1, 407, 403, 375, -1, 375, 403, 365, -1,
 375, 365, 339, -1, 339, 365, 325, -1, 339, 325, 290, -1,
 290, 325, 267, -1, 290, 267, 231, -1, 231, 267, 214, -1,
 231, 214, 196, -1, 196, 214, 177, -1, 196, 177, 171, -1,
 171, 177, 145, -1, 171, 145, 148, -1, 148, 145, 121, -1,
 148, 121, 133, -1, 133, 121, 110, -1, 133, 110, 128, -1,
 128, 110, 104, -1, 128, 104, 105, -1, 105, 104, 82, -1,
 237, 267, 270, -1, 270, 267, 325, -1, 270, 325, 311, -1,
 311, 325, 365, -1, 311, 365, 359, -1, 359, 365, 403, -1,
 359, 403, 400, -1, 400, 403, 436, -1, 400, 436, 433, -1,
 119, 141, 154, -1, 181, 188, 198, -1, 269, 305, 322, -1,
 414, 446, 417, -1, 417, 446, 445, -1, 411, 449, 447, -1,
 408, 451, 450, -1, 402, 455, 405, -1, 405, 455, 453, -1,
 405, 453, 452, -1, 361, 402, 371, -1, 371, 402, 405, -1,
 371, 405, 408, -1, 408, 405, 452, -1, 408, 452, 451, -1,
 354, 361, 360, -1, 360, 361, 371, -1, 360, 371, 377, -1,
 377, 371, 408, -1, 377, 408, 411, -1, 411, 408, 450, -1,
 411, 450, 449, -1, 305, 354, 322, -1, 322, 354, 360, -1,
 322, 360, 373, -1, 373, 360, 377, -1, 373, 377, 384, -1,
 384, 377, 411, -1, 384, 411, 414, -1, 414, 411, 447, -1,
 414, 447, 446, -1, 235, 269, 260, -1, 260, 269, 322, -1,
 260, 322, 336, -1, 336, 322, 373, -1, 336, 373, 378, -1,
 378, 373, 384, -1, 378, 384, 389, -1, 389, 384, 414, -1,
 389, 414, 396, -1, 396, 414, 417, -1, 229, 235, 240, -1,
 240, 235, 260, -1, 240, 260, 287, -1, 287, 260, 336, -1,
 287, 336, 343, -1, 343, 336, 378, -1, 343, 378, 386, -1,
 386, 378, 389, -1, 386, 389, 392, -1, 392, 389, 396, -1,
 188, 229, 198, -1, 198, 229, 240, -1, 198, 240, 275, -1,
 275, 240, 287, -1, 275, 287, 307, -1, 307, 287, 343, -1,
 307, 343, 356, -1, 356, 343, 386, -1, 356, 386, 372, -1,
 372, 386, 392, -1, 147, 181, 160, -1, 160, 181, 198, -1,
 160, 198, 223, -1, 223, 198, 275, -1, 223, 275, 297, -1,
 297, 275, 307, -1, 297, 307, 330, -1, 330, 307, 356, -1,
 330, 356, 345, -1, 345, 356, 372, -1, 141, 147, 154, -1,
 154, 147, 160, -1, 154, 160, 193, -1, 193, 160, 223, -1,
 193, 223, 256, -1, 256, 223, 297, -1, 256, 297, 324, -1,
 324, 297, 330, -1, 324, 330, 342, -1, 342, 330, 345, -1,
 113, 119, 132, -1, 132, 119, 154, -1, 132, 154, 190, -1,
 190, 154, 193, -1, 190, 193, 222, -1, 222, 193, 256, -1,
 222, 256, 289, -1, 289, 256, 324, -1, 289, 324, 323, -1,
 323, 324, 342, -1, 323, 292, 289, -1, 289, 292, 254, -1,
 289, 254, 222, -1, 222, 254, 217, -1, 222, 217, 190, -1,
 190, 217, 153, -1, 190, 153, 132, -1, 132, 153, 114, -1,
 132, 114, 113, -1, 84, 91, 114, -1, 114, 91, 98, -1,
 114, 98, 113, -1, 210, 208, 249, -1, 249, 208, 244, -1,
 257, 244, 213, -1, 213, 244, 208, -1, 213, 208, 164, -1,
 164, 208, 210, -1, 164, 210, 163, -1, 273, 257, 226, -1,
 226, 257, 213, -1, 226, 213, 179, -1, 179, 213, 164, -1,
 179, 164, 131, -1, 131, 164, 163, -1, 131, 163, 130, -1,
 291, 273, 243, -1, 243, 273, 226, -1, 243, 226, 194, -1,
 194, 226, 179, -1, 194, 179, 142, -1, 142, 179, 131, -1,
 142, 131, 109, -1, 109, 131, 130, -1, 109, 130, 106, -1,
 292, 291, 254, -1, 254, 291, 243, -1, 254, 243, 217, -1,
 217, 243, 194, -1, 217, 194, 153, -1, 153, 194, 142, -1,
 153, 142, 114, -1, 114, 142, 109, -1, 114, 109, 84, -1,
 84, 109, 106, -1, 84, 106, 83, -1, 882, 433, 885, -1,
 885, 433, 436, -1, 885, 436, 886, -1, 886, 436, 437, -1,
 886, 437, 887, -1, 887, 437, 438, -1, 887, 438, 888, -1,
 888, 438, 439, -1, 888, 439, 889, -1, 889, 439, 440, -1,
 889, 440, 891, -1, 891, 440, 442, -1, 891, 442, 892, -1,
 892, 442, 443, -1, 892, 443, 893, -1, 893, 443, 444, -1,
 894, 445, 895, -1, 895, 445, 446, -1, 895, 446, 896, -1,
 896, 446, 447, -1, 896, 447, 898, -1, 898, 447, 449, -1,
 898, 449, 899, -1, 899, 449, 450, -1, 899, 450, 900, -1,
 900, 450, 451, -1, 900, 451, 901, -1, 901, 451, 452, -1,
 901, 452, 902, -1, 902, 452, 453, -1, 902, 453, 905, -1,
 905, 453, 455, -1, 1218, 1196, 1183, -1, 1156, 1149, 1139, -1,
 1068, 1032, 1015, -1, 923, 892, 920, -1, 920, 892, 893, -1,
 926, 889, 891, -1, 929, 887, 888, -1, 935, 882, 932, -1,
 932, 882, 885, -1, 932, 885, 886, -1, 976, 935, 966, -1,
 966, 935, 932, -1, 966, 932, 929, -1, 929, 932, 886, -1,
 929, 886, 887, -1, 983, 976, 977, -1, 977, 976, 966, -1,
 977, 966, 960, -1, 960, 966, 929, -1, 960, 929, 926, -1,
 926, 929, 888, -1, 926, 888, 889, -1, 1032, 983, 1015, -1,
 1015, 983, 977, -1, 1015, 977, 964, -1, 964, 977, 960, -1,
 964, 960, 953, -1, 953, 960, 926, -1, 953, 926, 923, -1,
 923, 926, 891, -1, 923, 891, 892, -1, 1102, 1068, 1077, -1,
 1077, 1068, 1015, -1, 1077, 1015, 1001, -1, 1001, 1015, 964, -1,
 1001, 964, 959, -1, 959, 964, 953, -1, 959, 953, 948, -1,
 948, 953, 923, -1, 948, 923, 941, -1, 941, 923, 920, -1,
 1108, 1102, 1097, -1, 1097, 1102, 1077, -1, 1097, 1077, 1050, -1,
 1050, 1077, 1001, -1, 1050, 1001, 994, -1, 994, 1001, 959, -1,
 994, 959, 951, -1, 951, 959, 948, -1, 951, 948, 945, -1,
 945, 948, 941, -1, 1149, 1108, 1139, -1, 1139, 1108, 1097, -1,
 1139, 1097, 1062, -1, 1062, 1097, 1050, -1, 1062, 1050, 1030, -1,
 1030, 1050, 994, -1, 1030, 994, 981, -1, 981, 994, 951, -1,
 981, 951, 965, -1, 965, 951, 945, -1, 1190, 1156, 1177, -1,
 1177, 1156, 1139, -1, 1177, 1139, 1114, -1, 1114, 1139, 1062, -1,
 1114, 1062, 1040, -1, 1040, 1062, 1030, -1, 1040, 1030, 1007, -1,
 1007, 1030, 981, -1, 1007, 981, 992, -1, 992, 981, 965, -1,
 1196, 1190, 1183, -1, 1183, 1190, 1177, -1, 1183, 1177, 1144, -1,
 1144, 1177, 1114, -1, 1144, 1114, 1081, -1, 1081, 1114, 1040, -1,
 1081, 1040, 1013, -1, 1013, 1040, 1007, -1, 1013, 1007, 995, -1,
 995, 1007, 992, -1, 1224, 1218, 1205, -1, 1205, 1218, 1183, -1,
 1205, 1183, 1147, -1, 1147, 1183, 1144, -1, 1147, 1144, 1115, -1,
 1115, 1144, 1081, -1, 1115, 1081, 1048, -1, 1048, 1081, 1013, -1,
 1048, 1013, 1014, -1, 1014, 1013, 995, -1, 1014, 1045, 1048, -1,
 1048, 1045, 1083, -1, 1048, 1083, 1115, -1, 1115, 1083, 1120, -1,
 1115, 1120, 1147, -1, 1147, 1120, 1184, -1, 1147, 1184, 1205, -1,
 1205, 1184, 1223, -1, 1205, 1223, 1224, -1, 1253, 1246, 1223, -1,
 1223, 1246, 1239, -1, 1223, 1239, 1224, -1, 1127, 1129, 1088, -1,
 1088, 1129, 1093, -1, 1080, 1093, 1124, -1, 1124, 1093, 1129, -1,
 1124, 1129, 1173, -1, 1173, 1129, 1127, -1, 1173, 1127, 1174, -1,
 1064, 1080, 1111, -1, 1111, 1080, 1124, -1, 1111, 1124, 1158, -1,
 1158, 1124, 1173, -1, 1158, 1173, 1206, -1, 1206, 1173, 1174, -1,
 1206, 1174, 1207, -1, 1046, 1064, 1094, -1, 1094, 1064, 1111, -1,
 1094, 1111, 1143, -1, 1143, 1111, 1158, -1, 1143, 1158, 1195, -1,
 1195, 1158, 1206, -1, 1195, 1206, 1228, -1, 1228, 1206, 1207, -1,
 1228, 1207, 1231, -1, 1045, 1046, 1083, -1, 1083, 1046, 1094, -1,
 1083, 1094, 1120, -1, 1120, 1094, 1143, -1, 1120, 1143, 1184, -1,
 1184, 1143, 1195, -1, 1184, 1195, 1223, -1, 1223, 1195, 1228, -1,
 1223, 1228, 1253, -1, 1253, 1228, 1231, -1, 1253, 1231, 1254, -1,
 901, 902, 934, -1, 899, 900, 930, -1, 896, 898, 927, -1,
 1070, 1100, 1142, -1, 1128, 1089, 1092, -1, 1175, 1128, 1132, -1,
 1255, 1233, 1256, -1, 1256, 1233, 1227, -1, 1157, 1186, 1160, -1,
 1160, 1186, 1215, -1, 1160, 1215, 1192, -1, 1192, 1215, 1235, -1,
 1192, 1235, 1216, -1, 1216, 1235, 1247, -1, 1216, 1247, 1227, -1,
 1227, 1247, 1249, -1, 1227, 1249, 1256, -1, 1157, 1160, 1142, -1,
 1142, 1160, 1123, -1, 1142, 1123, 1070, -1, 1128, 1092, 1132, -1,
 1132, 1092, 1091, -1, 1132, 1091, 1126, -1, 1126, 1091, 1075, -1,
 1126, 1075, 1118, -1, 1118, 1075, 1058, -1, 1118, 1058, 1107, -1,
 1107, 1058, 1037, -1, 1107, 1037, 1074, -1, 1074, 1037, 1009, -1,
 1074, 1009, 1043, -1, 1043, 1009, 987, -1, 1043, 987, 1002, -1,
 1002, 987, 963, -1, 1002, 963, 979, -1, 979, 963, 943, -1,
 979, 943, 949, -1, 949, 943, 921, -1, 949, 921, 925, -1,
 925, 921, 894, -1, 925, 894, 895, -1, 895, 896, 925, -1,
 925, 896, 927, -1, 925, 927, 949, -1, 949, 927, 956, -1,
 949, 956, 979, -1, 979, 956, 989, -1, 979, 989, 1002, -1,
 1002, 989, 1027, -1, 1002, 1027, 1043, -1, 1043, 1027, 1071, -1,
 1043, 1071, 1074, -1, 1074, 1071, 1110, -1, 1074, 1110, 1107, -1,
 1107, 1110, 1140, -1, 1107, 1140, 1118, -1, 1118, 1140, 1152, -1,
 1118, 1152, 1126, -1, 1126, 1152, 1169, -1, 1126, 1169, 1132, -1,
 1132, 1169, 1176, -1, 1132, 1176, 1175, -1, 1175, 1176, 1208, -1,
 898, 899, 927, -1, 927, 899, 930, -1, 927, 930, 956, -1,
 956, 930, 962, -1, 956, 962, 989, -1, 989, 962, 998, -1,
 989, 998, 1027, -1, 1027, 998, 1047, -1, 1027, 1047, 1071, -1,
 1071, 1047, 1106, -1, 1071, 1106, 1110, -1, 1110, 1106, 1141, -1,
 1110, 1141, 1140, -1, 1140, 1141, 1166, -1, 1140, 1166, 1152, -1,
 1152, 1166, 1189, -1, 1152, 1189, 1169, -1, 1169, 1189, 1204, -1,
 1169, 1204, 1176, -1, 1176, 1204, 1209, -1, 1176, 1209, 1208, -1,
 1208, 1209, 1232, -1, 900, 901, 930, -1, 930, 901, 934, -1,
 930, 934, 962, -1, 962, 934, 972, -1, 962, 972, 998, -1,
 998, 972, 1012, -1, 998, 1012, 1047, -1, 1047, 1012, 1070, -1,
 1047, 1070, 1106, -1, 1106, 1070, 1123, -1, 1106, 1123, 1141, -1,
 1141, 1123, 1160, -1, 1141, 1160, 1166, -1, 1166, 1160, 1192, -1,
 1166, 1192, 1189, -1, 1189, 1192, 1216, -1, 1189, 1216, 1204, -1,
 1204, 1216, 1227, -1, 1204, 1227, 1209, -1, 1209, 1227, 1233, -1,
 1209, 1233, 1232, -1, 1232, 1233, 1255, -1, 1100, 1070, 1067, -1,
 1067, 1070, 1012, -1, 1067, 1012, 1026, -1, 1026, 1012, 972, -1,
 1026, 972, 978, -1, 978, 972, 934, -1, 978, 934, 937, -1,
 937, 934, 902, -1, 937, 902, 905, -1, 1024, 1041, 1099, -1,
 1055, 1089, 1128, -1, 1232, 1201, 1208, -1, 1208, 1201, 1171, -1,
 1208, 1171, 1175, -1, 1175, 1171, 1134, -1, 1175, 1134, 1128, -1,
 1128, 1134, 1099, -1, 1128, 1099, 1055, -1, 1055, 1099, 1041, -1,
 1212, 1201, 1222, -1, 1222, 1201, 1232, -1, 1222, 1232, 1255, -1,
 1073, 1018, 1024, -1, 1024, 1099, 1073, -1, 1073, 1099, 1134, -1,
 1073, 1134, 1117, -1, 1117, 1134, 1171, -1, 1117, 1171, 1150, -1,
 1150, 1171, 1201, -1, 1150, 1201, 1187, -1, 1187, 1201, 1212, -1,
 1187, 1212, 1220, -1, 1057, 1035, 1098, -1, 1098, 1035, 1023, -1,
 1220, 1199, 1187, -1, 1187, 1199, 1168, -1, 1187, 1168, 1150, -1,
 1150, 1168, 1131, -1, 1150, 1131, 1117, -1, 1117, 1131, 1098, -1,
 1117, 1098, 1073, -1, 1073, 1098, 1023, -1, 1073, 1023, 1018, -1,
 1088, 1057, 1127, -1, 1127, 1057, 1098, -1, 1127, 1098, 1174, -1,
 1174, 1098, 1131, -1, 1174, 1131, 1207, -1, 1207, 1131, 1168, -1,
 1207, 1168, 1231, -1, 1231, 1168, 1199, -1, 1231, 1199, 1254, -1,
 1254, 1199, 1220, -1
]
materialIndex [
 0, 0, 0, 0, 0, 0, 0, 0, 0, 0, 0, 0, 0, 0, 0, 0, 0, 0, 0, 0, 0,
 0, 0, 0, 0, 0, 0, 0, 0, 0, 0, 0, 0, 0, 0, 0, 0, 0, 0, 0, 0, 0, 0, 0, 0, 0, 0, 0, 0, 0, 0, 0, 0, 0, 0, 0, 0, 0, 0, 0, 0, 0, 0, 0, 0, 0, 0, 0, 0, 0, 0, 0, 0,
 0, 0, 0, 0, 0, 0, 0, 0, 0, 0, 0, 0, 0, 0, 0, 0, 0, 0, 0, 0, 0, 0, 0, 0, 0, 0, 0, 0, 0, 0, 0, 0, 0, 0, 0, 0, 0, 0, 0, 0, 0, 0, 0, 0, 0, 0, 0, 0, 0, 0, 0, 0, 0, 0, 0, 0, 0, 0, 0, 0, 0, 0, 0, 0, 0, 0, 0, 0, 0, 0, 0, 0, 0, 0, 0, 0, 0, 0, 0, 0, 0, 0, 0, 0, 0, 0, 0, 0, 0, 0, 0, 0, 0, 0, 0, 0, 0, 0, 0, 0, 0, 0, 0, 0, 0, 0, 0, 0, 0, 0, 0, 0, 0, 0, 0, 0, 0, 0, 0, 0, 0, 0, 0, 0, 0, 0, 0, 0, 0, 0, 0, 0, 0, 0, 0, 0, 0, 0,
 0, 0, 0, 0, 0, 0, 0, 0, 0, 0, 0, 0, 0, 0, 0, 0, 0, 0, 0, 0, 0, 0, 0, 0, 0, 0, 0, 0, 0, 0, 0, 0, 0, 0, 0, 0, 0, 0, 0, 0, 0, 0, 0, 0, 0, 0, 0, 0, 0, 0, 0, 0, 0,
 0, 0, 0, 0, 0, 0, 0, 0, 0, 0, 0, 0, 0, 0, 0, 0, 0, 0, 0, 0, 0, 0, 0, 0, 0, 0, 0, 0, 0, 0, 0, 0, 0, 0, 0, 0, 0, 0,
 0, 0, 0, 0, 0, 0, 0, 0, 0, 0, 0, 0, 0, 0, 0, 0, 0, 0, 0, 0, 0, 0, 0, 0, 0, 0, 0, 0, 0, 0, 0, 0, 0, 0, 0, 0, 0, 0, 0, 0, 0, 0, 0, 0, 0, 0, 0, 0, 0, 0, 0, 0, 0, 0, 0, 0, 0, 0, 0, 0, 0, 0, 0, 0, 0, 0, 0, 0, 0, 0, 0, 0, 0, 0, 0, 0, 0, 0, 0, 0, 0, 0,
 0, 0, 0, 0, 0, 0, 0, 0, 0, 0, 0, 0, 0, 0, 0, 0, 0, 0, 0, 0, 0, 0, 0, 0, 0, 0, 0, 0, 0, 0, 0, 0, 0, 0, 0, 0, 0, 0, 0, 0, 0, 0, 0, 0, 0, 0, 0, 0, 0, 0, 0, 0, 0, 0, 0, 0, 0, 0, 0, 0, 0, 0, 0, 0, 0, 0, 0, 0, 0, 0, 0, 0, 0, 0, 0, 0, 0, 0, 0, 0, 0, 0, 0, 0, 0, 0, 0, 0, 0, 0, 0, 0, 0, 0, 0, 0, 0, 0, 0, 0, 0, 0, 0, 0, 0, 0, 0, 0, 0, 0, 0, 0, 0, 0, 0, 0, 0, 0, 0, 0, 0, 0, 0, 0, 0, 0, 0, 0, 0, 0, 0, 0, 0, 0, 0, 0, 0, 0, 0, 0, 0, 0, 0, 0, 0, 0, 0, 0, 0, 0, 0, 0, 0, 0, 0, 0, 0, 0, 0, 0, 0, 0, 0, 0, 0, 0, 0, 0, 0, 0, 0, 0, 0, 0, 0, 0, 0, 0, 0, 0, 0, 0, 0, 0, 0, 0, 0, 0, 0, 0, 0, 0, 0, 0, 0, 0, 0, 0, 0, 0, 0, 0, 0, 0, 0, 0, 0, 0, 0, 0, 0, 0, 0, 0, 0, 0, 0, 0, 0, 0, 0, 0, 0, 0, 0, 0, 0, 0, 0, 0, 0, 0, 0, 0, 0, 0, 0, 0, 0, 0, 0, 0, 0, 0, 0, 0, 0, 0, 0, 0, 0, 0, 0, 0, 0, 0, 0, 0, 0, 0, 0, 0, 0, 0, 0, 0, 0, 0, 0, 0, 0, 0, 0, 0, 0, 0, 0, 0, 0, 0, 0, 0, 0, 0, 0, 0, 0, 0, 0, 0, 0, 0, 0, 0, 0, 0, 0, 0, 0, 0, 0, 0, 0, 0, 0, 0, 0, 0, 0, 0, 0, 0, 0, 0, 0, 0, 0, 0, 0, 0, 0, 0, 0, 0, 0, 0, 0, 0, 0,
 0, 0, 0, 0, 0, 0, 0, 0, 0, 0, 0, 0, 0, 0, 0, 0, 0, 0, 0, 0, 0, 0, 0, 0, 0, 0, 0, 0, 0, 0, 0, 0, 0, 0, 0, 0, 0, 0, 0, 0, 0, 0, 0, 0, 0, 0, 0, 0, 0, 0, 0, 0, 0, 0, 0, 0, 0, 0, 0, 0, 0, 0, 0, 0, 0, 0, 0, 0, 0, 0, 0, 0, 0, 0, 0, 0, 0, 0, 0, 0, 0, 0, 0, 0, 0, 0, 0, 0, 0, 0, 0, 0, 0, 0, 0, 0, 0, 0, 0, 0, 0, 0, 0, 0, 0, 0, 0, 0, 0, 0, 0, 0, 0, 0, 0, 0, 0, 0, 0, 0, 0, 0, 0, 0, 0, 0, 0, 0, 0, 0, 0, 0, 0, 0, 0, 0, 0, 0, 0, 0, 0, 0, 0, 0, 0, 0, 0, 0, 0, 0, 0, 0, 0, 0, 0, 0, 0, 0, 0, 0, 0, 0, 0, 0, 0, 0, 0, 0, 0, 0, 0, 0, 0, 0, 0, 0, 0, 0, 0, 0, 0, 0, 0, 0, 0, 0, 0, 0, 0, 0, 0, 0, 0, 0, 0, 0, 0, 0, 0, 0, 0, 0, 0, 0, 0, 0, 0, 0, 0, 0, 0, 0, 0, 0, 0, 0, 0, 0, 0, 0, 0, 0, 0, 0, 0, 0, 0, 0, 0, 0, 0, 0, 0, 0, 0, 0, 0, 0, 0, 0, 0, 0, 0, 0, 0, 0, 0, 0, 0, 0, 0, 0, 0, 0, 0, 0, 0, 0, 0, 0, 0, 0, 0, 0, 0, 0, 0, 0, 0, 0, 0, 0, 0, 0, 0, 0, 0, 0, 0, 0, 0, 0, 0, 0, 0, 0, 0, 0, 0, 0, 0, 0, 0, 0, 0, 0, 0, 0, 0, 0, 0, 0, 0, 0, 0, 0, 0, 0, 0, 0, 0, 0, 0, 0, 0, 0, 0, 0, 0, 0, 0, 0, 0, 0, 0, 0, 0, 0, 0, 0, 0,
 0, 0, 0, 0, 0, 0, 0, 0, 0, 0, 0, 0, 0, 0, 0, 0, 0, 0, 0, 0, 0, 0, 0, 0, 0, 0, 0, 0, 0, 0, 0, 0, 0, 0, 0, 0, 0, 0, 0, 0, 0, 0, 0, 0, 0, 0, 0, 0, 0, 0, 0, 0, 0, 0, 0, 0, 0, 0, 0, 0, 0, 0, 0, 0, 0, 0, 0, 0, 0, 0, 0, 0, 0, 0, 0, 0, 0, 0, 0, 0, 0, 0, 0, 0, 0, 0, 0, 0, 0, 0, 0, 0, 0, 0, 0, 0, 0, 0, 0, 0, 0, 0, 0, 0, 0, 0, 0, 0, 0, 0, 0, 0, 0, 0, 0, 0, 0, 0, 0, 0, 0, 0, 0, 0, 0, 0, 0, 0, 0, 0, 0, 0, 0, 0, 0, 0, 0, 0, 0, 0, 0, 0, 0, 0, 0, 0, 0,
 0, 0, 0, 0, 0, 0, 0, 0, 0, 0, 0, 0, 0, 0, 0, 0, 0, 0, 0, 0, 0, 0, 0, 0, 0, 0, 0, 0, 0, 0, 0, 0, 0, 0, 0, 0, 0, 0, 0, 0, 0, 0, 0, 0, 0, 0, 0, 0, 0, 0, 0, 0, 0, 0, 0, 0, 0, 0, 0, 0, 0, 0, 0, 0, 0, 0, 0, 0, 0, 0, 0, 0, 0, 0, 0, 0, 0, 0, 0, 0, 0, 0, 0, 0, 0, 0, 0, 0, 0, 0, 0, 0, 0, 0, 0, 0, 0, 0, 0, 0, 0, 0, 0, 0, 0, 0, 0, 0, 0, 0, 0, 0, 0, 0, 0, 0, 0, 0, 0, 0,
 0, 0, 0, 0, 0, 0, 0, 0, 0, 0, 0, 0, 0, 0, 0, 0, 0, 0, 0, 0, 0, 0, 0, 0, 0, 0, 0, 0, 0, 0, 0, 0, 0, 0, 0, 0, 0, 0, 0, 0, 0, 0, 0, 0, 0, 0, 0, 0, 0, 0, 0, 0, 0, 0, 0, 0, 0, 0, 0, 0, 0, 0, 0, 0, 0, 0, 0, 0, 0, 0, 0, 0, 0, 0, 0, 0, 0, 0, 0, 0, 0, 0, 0, 0, 0, 0, 0, 0, 0, 0, 0, 0, 0, 0, 0, 0, 0, 0, 0, 0, 0, 0, 0, 0, 0, 0, 0, 0, 0, 0, 0, 0, 0, 0, 0, 0, 0, 0, 0, 0, 0, 0, 0, 0, 0, 0, 0, 0, 0, 0, 0, 0, 0, 0, 0, 0, 0, 0, 0, 0, 0, 0, 0, 0, 0, 0, 0, 0, 0, 0, 0, 0, 0, 0, 0, 0, 0, 0, 0, 0, 0, 0, 0, 0, 0,
 0, 0, 0, 0, 0, 0, 0, 0, 0, 0, 0, 0, 0, 0, 0, 0, 0, 0, 0, 0, 0, 0, 0, 0, 0, 0, 0, 0, 0, 0, 0, 0, 0, 0, 0, 0, 0, 0, 0, 0, 0, 0, 0, 0, 0, 0, 0, 0, 0, 0, 0, 0, 0, 0, 0, 0, 0, 0, 0, 0, 0, 0, 0, 0, 0, 0, 0, 0, 0, 0, 0, 0, 0, 0, 0, 0, 0, 0, 0, 0, 0, 0, 0, 0, 0, 0, 0, 0, 0, 0, 0, 0, 0, 0, 0, 0, 0, 0, 0, 0, 0, 0, 0, 0, 0, 0, 0, 0, 0, 0, 0, 0, 0, 0, 0, 0, 0, 0, 0, 0, 0, 0, 0, 0, 0, 0, 0, 0, 0, 0, 0, 0, 0, 0, 0, 0, 0, 0, 0, 0, 0, 0, 0, 0, 0, 0, 0, 0, 0, 0, 0, 0, 0, 0, 0, 0, 0, 0, 0, 0, 0, 0, 0, 0, 0, 0, 0, 0, 0, 0, 0, 0, 0, 0,
 0, 0, 0, 0, 0, 0, 0, 0, 0, 0, 0, 0, 0, 0, 0, 0, 0, 0, 0, 0, 0, 0, 0, 0, 0, 0, 0, 0, 0, 0, 0, 0, 0, 0, 0, 0, 0, 0, 0, 0, 0, 0, 0, 0, 0, 0, 0, 0, 0, 0, 0, 0, 0, 0, 0, 0, 0, 0, 0, 0, 0, 0, 0, 0, 0, 0, 0, 0, 0, 0, 0, 0, 0, 0, 0, 0, 0, 0, 0, 0, 0, 0, 0, 0, 0, 0, 0, 0, 0, 0, 0, 0, 0, 0, 0, 0, 0, 0, 0, 0, 0, 0, 0, 0, 0, 0, 0, 0, 0, 0, 0, 0, 0, 0, 0, 0, 0, 0, 0, 0, 0, 0, 0, 0, 0, 0, 0, 0, 0, 0, 0, 0, 0, 0, 0, 0, 0, 0, 0, 0, 0, 0, 0, 0, 0, 0, 0, 0, 0, 0, 0, 0, 0, 0, 0, 0, 0, 0, 0, 0, 0, 0, 0, 0, 0, 0, 0, 0, 0, 0, 0, 0, 0, 0, 0, 0, 0, 0, 0, 0, 0, 0, 0, 0,
 0, 0, 0, 0, 0, 0,
 0, 0, 0, 0, 0, 0, 0, 0, 0, 0, 0, 0, 0, 0, 0, 0, 0, 0, 0, 0, 0, 0, 0, 0, 0, 0, 0, 0, 0, 0, 0, 0, 0, 0, 0, 0, 0, 0, 0, 0, 0, 0, 0, 0, 0, 0, 0, 0, 0, 0, 0, 0, 0, 0, 0, 0, 0, 0, 0, 0, 0, 0, 0, 0, 0, 0, 0, 0, 0, 0, 0, 0, 0, 0, 0, 0, 0, 0, 0, 0, 0, 0, 0, 0, 0, 0, 0, 0, 0, 0, 0, 0, 0, 0, 0, 0, 0, 0, 0, 0, 0, 0,
 0, 0, 0, 0, 0, 0, 0, 0, 0, 0, 0, 0, 0, 0, 0, 0, 0, 0, 0, 0, 0, 0, 0, 0, 0, 0, 0, 0, 0, 0, 0, 0, 0, 0, 0, 0, 0, 0, 0, 0, 0, 0, 0, 0, 0,
 0, 0, 0, 0, 0, 0, 0, 0, 0, 0, 0, 0, 0, 0, 0, 0, 0, 0, 0, 0, 0, 0, 0, 0, 0, 0, 0, 0, 0, 0,
 0, 0, 0, 0, 0, 0, 0, 0, 0, 0, 0, 0, 0, 0, 0, 0, 0, 0, 0, 0, 0, 0, 0, 0, 0, 0, 0, 0, 0, 0, 0, 0, 0, 0, 0, 0, 0, 0, 0, 0, 0, 0, 0, 0, 0, 0, 0, 0, 0, 0, 0, 0, 0, 0, 0, 0, 0, 0, 0, 0, 0, 0, 0, 0, 0, 0, 0, 0, 0,
 0, 0, 0, 0, 0, 0, 0, 0, 0, 0, 0, 0, 0, 0, 0, 0, 0, 0, 0, 0, 0, 0, 0, 0, 0, 0, 0, 0, 0, 0, 0, 0, 0, 0, 0, 0, 0, 0, 0, 0, 0, 0, 0, 0, 0, 0, 0, 0, 0, 0, 0, 0, 0, 0, 0, 0, 0, 0, 0, 0, 0, 0, 0, 0, 0, 0, 0, 0, 0, 0, 0, 0, 0, 0, 0, 0, 0, 0, 0, 0, 0, 0, 0, 0, 0, 0, 0, 0, 0, 0, 0, 0, 0, 0, 0, 0, 0, 0, 0, 0, 0, 0, 0, 0, 0, 0, 0, 0, 0, 0, 0, 0, 0, 0, 0, 0, 0, 0, 0, 0, 0, 0, 0, 0, 0, 0, 0, 0, 0, 0, 0, 0, 0, 0, 0, 0, 0, 0, 0, 0, 0, 0, 0, 0, 0, 0, 0, 0, 0, 0, 0, 0, 0, 0, 0, 0, 0, 0, 0, 0, 0, 0, 0, 0, 0, 0, 0, 0, 0, 0, 0, 0, 0, 0, 0, 0, 0, 0, 0, 0, 0, 0, 0, 0, 0, 0, 0, 0, 0, 0, 0, 0, 0, 0, 0, 0, 0, 0, 0, 0, 0, 0, 0, 0, 0, 0, 0, 0, 0, 0, 0, 0, 0, 0, 0, 0, 0, 0, 0, 0, 0, 0, 0, 0, 0, 0, 0, 0, 0, 0, 0, 0, 0, 0, 0, 0, 0, 0, 0, 0, 0, 0, 0, 0, 0, 0, 0, 0, 0, 0, 0, 0, 0, 0, 0, 0, 0, 0, 0, 0, 0, 0, 0, 0, 0, 0, 0, 0, 0,
 0, 0, 0, 0, 0, 0, 0, 0, 0, 0, 0, 0, 0, 0, 0, 0, 0, 0, 0, 0, 0, 0, 0, 0, 0, 0, 0, 0, 0, 0, 0, 0, 0, 0, 0, 0, 0, 0, 0, 0, 0, 0, 0, 0, 0, 0, 0, 0, 0, 0, 0, 0, 0, 0, 0, 0, 0, 0, 0, 0, 0, 0, 0, 0, 0, 0, 0, 0, 0, 0, 0, 0, 0, 0, 0, 0, 0, 0, 0, 0, 0, 0, 0, 0, 0, 0, 0, 0, 0, 0, 0, 0, 0, 0, 0, 0, 0, 0, 0, 0, 0, 0, 0, 0, 0, 0, 0, 0, 0, 0, 0, 0, 0, 0, 0, 0, 0, 0, 0, 0, 0, 0, 0, 0, 0, 0, 0, 0, 0, 0, 0, 0, 0, 0, 0, 0, 0, 0, 0, 0, 0, 0, 0, 0, 0, 0, 0, 0, 0, 0, 0, 0, 0, 0, 0, 0, 0, 0, 0, 0, 0, 0, 0, 0, 0, 0, 0, 0, 0, 0, 0, 0, 0, 0, 0, 0, 0, 0, 0, 0, 0, 0, 0, 0, 0, 0, 0, 0, 0, 0, 0, 0, 0, 0, 0, 0, 0, 0, 0, 0, 0, 0, 0, 0, 0, 0, 0, 0, 0, 0, 0, 0, 0, 0, 0, 0, 0, 0, 0, 0, 0, 0, 0, 0, 0, 0, 0, 0, 0, 0, 0, 0, 0, 0, 0, 0, 0, 0, 0, 0, 0, 0, 0, 0, 0, 0, 0, 0, 0, 0, 0, 0, 0, 0, 0, 0, 0, 0, 0, 0, 0, 0, 0, 0, 0, 0, 0, 0, 0,
 0, 0, 0, 0, 0, 0, 0, 0, 0, 0, 0, 0, 0, 0, 0, 0, 0, 0, 0, 0, 0, 0, 0, 0, 0, 0, 0, 0, 0, 0, 0, 0, 0, 0, 0, 0, 0, 0, 0, 0, 0, 0, 0, 0,
]
}
}
